USE [AB070_DB]
GO
/****** Object:  User [RUMAHITBDG]    Script Date: 6/4/2020 01:02:00 PM ******/

CREATE TABLE [dbo].[TB_M_AREA](
	[ID_TB_M_AREA] [int] IDENTITY(1,1) NOT NULL,
	[AREA_CD] [varchar](10) NULL,
	[AREA_NAME] [varchar](30) NULL,
	[AREA_ST] [smallint] NULL,
	[IMAGE_PATH] [text] NULL,
	[CREATE_BY] [varchar](50) NULL,
	[CREATE_DT] [datetime] NULL,
	[UPDATE_BY] [varchar](50) NULL,
	[UPDATE_DT] [datetime] NULL,
	[IS_DELETED] [smallint] NULL,
 CONSTRAINT [PK_TB_M_AREA] PRIMARY KEY CLUSTERED 
(
	[ID_TB_M_AREA] ASC
)WITH (PAD_INDEX = OFF, STATISTICS_NORECOMPUTE = OFF, IGNORE_DUP_KEY = OFF, ALLOW_ROW_LOCKS = ON, ALLOW_PAGE_LOCKS = ON) ON [PRIMARY]
) ON [PRIMARY] TEXTIMAGE_ON [PRIMARY]

GO
SET ANSI_PADDING OFF
GO
/****** Object:  Table [dbo].[TB_M_AUTHORIZATION_FUNCTION]    Script Date: 6/4/2020 01:02:01 PM ******/
SET ANSI_NULLS ON
GO
SET QUOTED_IDENTIFIER ON
GO
SET ANSI_PADDING ON
GO
CREATE TABLE [dbo].[TB_M_AUTHORIZATION_FUNCTION](
	[ID_TB_M_AUTHORIZATION_FUNCTION] [int] IDENTITY(1,1) NOT NULL,
	[ID_MENU] [varchar](255) NULL,
	[AUTHORIZATION_NAME] [varchar](50) NULL,
	[AUTHORIZATION_DESC] [varchar](50) NULL,
	[CREATED_BY] [varchar](50) NULL,
	[CREATED_DT] [datetime] NULL,
	[UPDATED_BY] [varchar](50) NULL,
	[UPDATED_DT] [datetime] NULL,
	[IS_DELETED] [smallint] NULL,
 CONSTRAINT [PK_TB_M_AUTHORIZATION_FUNCTION] PRIMARY KEY CLUSTERED 
(
	[ID_TB_M_AUTHORIZATION_FUNCTION] ASC
)WITH (PAD_INDEX = OFF, STATISTICS_NORECOMPUTE = OFF, IGNORE_DUP_KEY = OFF, ALLOW_ROW_LOCKS = ON, ALLOW_PAGE_LOCKS = ON) ON [PRIMARY]
) ON [PRIMARY]

GO
SET ANSI_PADDING OFF
GO
/****** Object:  Table [dbo].[TB_M_COMPANY]    Script Date: 6/4/2020 01:02:01 PM ******/
SET ANSI_NULLS ON
GO
SET QUOTED_IDENTIFIER ON
GO
SET ANSI_PADDING ON
GO
CREATE TABLE [dbo].[TB_M_COMPANY](
	[ID_TB_M_COMPANY] [int] IDENTITY(1,1) NOT NULL,
	[COMPANY_CODE] [varchar](10) NULL,
	[COMPANY_NAME] [varchar](100) NULL,
	[COMPANY_INITIAL] [varchar](10) NULL,
	[CONTACT_PERSON] [varchar](50) NULL,
	[EMAIL] [varchar](50) NULL,
	[ADDRESS] [varchar](100) NULL,
	[PHONE] [varchar](15) NULL,
	[STATUS] [smallint] NULL,
	[CREATED_BY] [varchar](50) NULL,
	[CREATED_DT] [datetime] NULL,
	[UPDATED_BY] [varchar](50) NULL,
	[UPDATED_DT] [datetime] NULL,
	[FLAG] [varchar](10) NULL,
	[IS_DELETED] [smallint] NULL,
 CONSTRAINT [PK_TB_M_COMPANY] PRIMARY KEY CLUSTERED 
(
	[ID_TB_M_COMPANY] ASC
)WITH (PAD_INDEX = OFF, STATISTICS_NORECOMPUTE = OFF, IGNORE_DUP_KEY = OFF, ALLOW_ROW_LOCKS = ON, ALLOW_PAGE_LOCKS = ON) ON [PRIMARY]
) ON [PRIMARY]

GO
SET ANSI_PADDING OFF
GO
/****** Object:  Table [dbo].[TB_M_EMPLOYEE]    Script Date: 6/4/2020 01:02:01 PM ******/
SET ANSI_NULLS ON
GO
SET QUOTED_IDENTIFIER ON
GO
SET ANSI_PADDING ON
GO
CREATE TABLE [dbo].[TB_M_EMPLOYEE](
	[ID_TB_M_EMPLOYEE] [int] IDENTITY(1,1) NOT NULL,
	[ID_TB_M_COMPANY] [int] NULL,
	[USERNAME] [varchar](50) NULL,
	[REG_NO] [varchar](50) NULL,
	[PASSWORD] [varchar](50) NULL,
	[PASSWORD_EXPIRATION_DATE] [datetime] NULL,
	[PASSWORD_RESET] [varchar](50) NULL,
	[ACCOUNT_VALIDITY_DATE] [datetime] NULL,
	[EMAIL] [varchar](50) NULL,
	[FIRST_NAME] [varchar](70) NULL,
	[LAST_NAME] [varchar](50) NULL,
	[ADDRESS] [varchar](100) NULL,
	[PHONE] [varchar](15) NULL,
	[IDENTITY_TYPE] [varchar](10) NULL,
	[IDENTITY_NO] [varchar](30) NULL,
	[PIC_STATUS] [varchar](50) NULL,
	[ANZEN_SERTIFICATE_NO] [varchar](50) NULL,
	[ANZEN_DT_FROM] [datetime] NULL,
	[ANZEN_DT_TO] [datetime] NULL,
	[SAFETY_INDUCTION_NO] [varchar](50) NULL,
	[SAFETY_INDUCTION_FROM] [datetime] NULL,
	[SAFETY_INDUCTION_TO] [datetime] NULL,
	[SECTION] [varchar](50) NULL,
	[STATUS] [smallint] NULL,
	[CREATE_BY] [varchar](50) NULL,
	[CREATE_DT] [datetime] NULL,
	[UPDATE_BY] [varchar](50) NULL,
	[UPDATE_DT] [datetime] NULL,
	[IS_DELETED] [smallint] NULL,
	[GENDER] [varchar](50) NULL,
	[BIRTH_DATE] [datetime] NULL,
	[SESSION_TIMEOUT] [time](7) NULL,
	[LOCK_TIMEOUT] [time](7) NULL,
	[IN_ACTIVE_DIRECTORY] [varchar](50) NULL,
	[CHECK_IN] [int] NULL,
	[ID_TB_R_WP_PROJECT] [int] NULL,
 CONSTRAINT [PK_TB_M_EMPLOYEE] PRIMARY KEY CLUSTERED 
(
	[ID_TB_M_EMPLOYEE] ASC
)WITH (PAD_INDEX = OFF, STATISTICS_NORECOMPUTE = OFF, IGNORE_DUP_KEY = OFF, ALLOW_ROW_LOCKS = ON, ALLOW_PAGE_LOCKS = ON) ON [PRIMARY]
) ON [PRIMARY]

GO
SET ANSI_PADDING OFF
GO
/****** Object:  Table [dbo].[TB_M_ITEM]    Script Date: 6/4/2020 01:02:01 PM ******/
SET ANSI_NULLS ON
GO
SET QUOTED_IDENTIFIER ON
GO
SET ANSI_PADDING ON
GO
CREATE TABLE [dbo].[TB_M_ITEM](
	[ID_TB_M_ITEM] [int] IDENTITY(1,1) NOT NULL,
	[ITEM_NAME] [varchar](70) NOT NULL,
	[ITEM_ST] [smallint] NOT NULL,
	[ITEM_TYPE] [varchar](50) NULL,
	[ITEM_DESC] [varchar](100) NULL,
	[CREATED_BY] [varchar](35) NULL,
	[CREATED_DT] [datetime] NULL,
	[UPDATED_BY] [varchar](35) NULL,
	[UPDATED_DT] [datetime] NULL,
	[IS_DELETED] [smallint] NULL,
 CONSTRAINT [PK_TB_M_ITEM] PRIMARY KEY CLUSTERED 
(
	[ID_TB_M_ITEM] ASC
)WITH (PAD_INDEX = OFF, STATISTICS_NORECOMPUTE = OFF, IGNORE_DUP_KEY = OFF, ALLOW_ROW_LOCKS = ON, ALLOW_PAGE_LOCKS = ON) ON [PRIMARY]
) ON [PRIMARY]

GO
SET ANSI_PADDING OFF
GO
/****** Object:  Table [dbo].[TB_M_JOB]    Script Date: 6/4/2020 01:02:01 PM ******/
SET ANSI_NULLS ON
GO
SET QUOTED_IDENTIFIER ON
GO
SET ANSI_PADDING ON
GO
CREATE TABLE [dbo].[TB_M_JOB](
	[ID_TB_M_JOB] [varchar](50) NOT NULL,
	[JOB_CODE] [varchar](11) NULL,
	[JOB_NAME] [varchar](50) NULL,
	[PERIODE_FROM] [datetime] NULL,
	[PERIODE_TO] [datetime] NULL,
	[ID_TB_M_PROJECT] [varchar](50) NULL,
	[CREATE_BY] [varchar](50) NULL,
	[CREATE_DT] [datetime] NULL,
	[UPDATE_BY] [varchar](50) NULL,
	[UPDATE_DT] [datetime] NULL,
	[STATUS] [smallint] NULL,
 CONSTRAINT [PK_TB_M_JOB] PRIMARY KEY CLUSTERED 
(
	[ID_TB_M_JOB] ASC
)WITH (PAD_INDEX = OFF, STATISTICS_NORECOMPUTE = OFF, IGNORE_DUP_KEY = OFF, ALLOW_ROW_LOCKS = ON, ALLOW_PAGE_LOCKS = ON) ON [PRIMARY]
) ON [PRIMARY]

GO
SET ANSI_PADDING OFF
GO
/****** Object:  Table [dbo].[TB_M_LEARN_MODULE_TRAINING]    Script Date: 6/4/2020 01:02:01 PM ******/
SET ANSI_NULLS ON
GO
SET QUOTED_IDENTIFIER ON
GO
SET ANSI_PADDING ON
GO
CREATE TABLE [dbo].[TB_M_LEARN_MODULE_TRAINING](
	[ID_TB_M_LEARN_MOD_TRAINING] [int] IDENTITY(1,1) NOT NULL,
	[TITLE] [varchar](200) NULL,
	[DESCRIPTION] [text] NULL,
	[CONTENT_TRAINING] [text] NULL,
	[FILE_NAME] [varchar](100) NULL,
	[IS_DELETED] [smallint] NULL,
	[CREATED_BY] [varchar](50) NULL,
	[CREATED_DT] [datetime] NULL,
	[UPDATED_BY] [varchar](50) NULL,
	[UPDATED_DT] [datetime] NULL,
 CONSTRAINT [PK_TB_M_LEARN_MODULE_TRAINING] PRIMARY KEY CLUSTERED 
(
	[ID_TB_M_LEARN_MOD_TRAINING] ASC
)WITH (PAD_INDEX = OFF, STATISTICS_NORECOMPUTE = OFF, IGNORE_DUP_KEY = OFF, ALLOW_ROW_LOCKS = ON, ALLOW_PAGE_LOCKS = ON) ON [PRIMARY]
) ON [PRIMARY] TEXTIMAGE_ON [PRIMARY]

GO
SET ANSI_PADDING OFF
GO
/****** Object:  Table [dbo].[TB_M_LEARN_QUESTION]    Script Date: 6/4/2020 01:02:01 PM ******/
SET ANSI_NULLS ON
GO
SET QUOTED_IDENTIFIER ON
GO
SET ANSI_PADDING ON
GO
CREATE TABLE [dbo].[TB_M_LEARN_QUESTION](
	[ID_TB_M_LEARN_QUESTION] [int] IDENTITY(1,1) NOT NULL,
	[QUESTION] [text] NULL,
	[ANSWER_CHOICE_A] [text] NULL,
	[ANSWER_CHOICE_B] [text] NULL,
	[ANSWER_CHOICE_C] [text] NULL,
	[ANSWER_CHOICE_D] [text] NULL,
	[ANSWER_CHOICE_E] [text] NULL,
	[ANSWER_KEY] [text] NULL,
	[EXPLANATION] [text] NULL,
	[IMAGE] [varchar](100) NULL,
	[IS_DELETED] [smallint] NULL,
	[CREATED_BY] [varchar](50) NULL,
	[CREATED_DT] [datetime] NULL,
	[UPDATED_BY] [varchar](50) NULL,
	[UPDATED_DT] [datetime] NULL,
 CONSTRAINT [PK_TB_M_LEARN_QUESTION] PRIMARY KEY CLUSTERED 
(
	[ID_TB_M_LEARN_QUESTION] ASC
)WITH (PAD_INDEX = OFF, STATISTICS_NORECOMPUTE = OFF, IGNORE_DUP_KEY = OFF, ALLOW_ROW_LOCKS = ON, ALLOW_PAGE_LOCKS = ON) ON [PRIMARY]
) ON [PRIMARY] TEXTIMAGE_ON [PRIMARY]

GO
SET ANSI_PADDING OFF
GO
/****** Object:  Table [dbo].[TB_M_LEARN_REGISTER]    Script Date: 6/4/2020 01:02:01 PM ******/
SET ANSI_NULLS ON
GO
SET QUOTED_IDENTIFIER ON
GO
SET ANSI_PADDING ON
GO
CREATE TABLE [dbo].[TB_M_LEARN_REGISTER](
	[ID_TB_M_LEARN_REGISTER] [varchar](50) NOT NULL,
	[ID_M_EMPLOYEE] [varchar](50) NULL,
	[REGISTER_DT] [datetime] NULL,
	[CREATE_BY] [varchar](50) NULL,
	[CREATE_DT] [datetime] NULL,
	[UPDATE_BY] [varchar](50) NULL,
	[UPDATE_DT] [datetime] NULL,
	[STATUS] [smallint] NULL,
 CONSTRAINT [PK_TB_M_LEARN_REGISTER] PRIMARY KEY CLUSTERED 
(
	[ID_TB_M_LEARN_REGISTER] ASC
)WITH (PAD_INDEX = OFF, STATISTICS_NORECOMPUTE = OFF, IGNORE_DUP_KEY = OFF, ALLOW_ROW_LOCKS = ON, ALLOW_PAGE_LOCKS = ON) ON [PRIMARY]
) ON [PRIMARY]

GO
SET ANSI_PADDING OFF
GO
/****** Object:  Table [dbo].[TB_M_LOCATION]    Script Date: 6/4/2020 01:02:01 PM ******/
SET ANSI_NULLS ON
GO
SET QUOTED_IDENTIFIER ON
GO
SET ANSI_PADDING ON
GO
CREATE TABLE [dbo].[TB_M_LOCATION](
	[ID_TB_M_LOCATION] [int] IDENTITY(1,1) NOT NULL,
	[ID_TB_M_AREA] [int] NULL,
	[LOC_CD] [varchar](10) NULL,
	[LOC_NAME] [varchar](50) NULL,
	[LONG] [numeric](11, 2) NULL,
	[LAT] [numeric](11, 2) NULL,
	[WIDE] [int] NULL,
	[POINT] [varchar](100) NULL,
	[CREATE_BY] [varchar](50) NULL,
	[CREATE_DT] [datetime] NULL,
	[UPDATE_BY] [varchar](50) NULL,
	[UPDATE_DT] [datetime] NULL,
	[STATUS] [smallint] NULL,
	[IS_DELETED] [smallint] NULL,
 CONSTRAINT [PK_TB_M_LOCATION] PRIMARY KEY CLUSTERED 
(
	[ID_TB_M_LOCATION] ASC
)WITH (PAD_INDEX = OFF, STATISTICS_NORECOMPUTE = OFF, IGNORE_DUP_KEY = OFF, ALLOW_ROW_LOCKS = ON, ALLOW_PAGE_LOCKS = ON) ON [PRIMARY]
) ON [PRIMARY]

GO
SET ANSI_PADDING OFF
GO
/****** Object:  Table [dbo].[TB_M_LOCATION_DETAIL]    Script Date: 6/4/2020 01:02:01 PM ******/
SET ANSI_NULLS ON
GO
SET QUOTED_IDENTIFIER ON
GO
SET ANSI_PADDING ON
GO
CREATE TABLE [dbo].[TB_M_LOCATION_DETAIL](
	[ID_TB_M_LOCATION_DETAIL] [varchar](50) NOT NULL,
	[ID_TB_M_LOCATION] [int] NULL,
	[ID_M_LOCATION] [varchar](50) NULL,
	[LONG] [numeric](11, 2) NULL,
	[LAT] [numeric](11, 2) NULL,
	[LEBAR] [int] NULL,
	[POINT] [varchar](100) NULL,
	[STATUS] [smallint] NULL,
	[CREATE_BY] [varchar](50) NULL,
	[CREATE_DT] [datetime] NULL,
	[UPDATE_BY] [varchar](50) NULL,
	[UPDATE_DT] [datetime] NULL,
 CONSTRAINT [PK_TB_M_LOCATION_DETAIL] PRIMARY KEY CLUSTERED 
(
	[ID_TB_M_LOCATION_DETAIL] ASC
)WITH (PAD_INDEX = OFF, STATISTICS_NORECOMPUTE = OFF, IGNORE_DUP_KEY = OFF, ALLOW_ROW_LOCKS = ON, ALLOW_PAGE_LOCKS = ON) ON [PRIMARY]
) ON [PRIMARY]

GO
SET ANSI_PADDING OFF
GO
/****** Object:  Table [dbo].[TB_M_LRN_ANW]    Script Date: 6/4/2020 01:02:01 PM ******/
SET ANSI_NULLS ON
GO
SET QUOTED_IDENTIFIER ON
GO
SET ANSI_PADDING ON
GO
CREATE TABLE [dbo].[TB_M_LRN_ANW](
	[ID_TB_M_LRN_ANW] [varchar](50) NOT NULL,
	[ID_TB_M_LRN_QA] [varchar](50) NULL,
	[ANSWER] [varchar](100) NULL,
	[SEQ_NO] [smallint] NULL,
	[CREATE_BY] [varchar](50) NULL,
	[CREATE_DT] [datetime] NULL,
	[UPDATE_BY] [varchar](50) NULL,
	[UPDATE_DT] [datetime] NULL,
	[STATUS] [smallint] NULL,
 CONSTRAINT [PK_TB_M_LRN_ANW] PRIMARY KEY CLUSTERED 
(
	[ID_TB_M_LRN_ANW] ASC
)WITH (PAD_INDEX = OFF, STATISTICS_NORECOMPUTE = OFF, IGNORE_DUP_KEY = OFF, ALLOW_ROW_LOCKS = ON, ALLOW_PAGE_LOCKS = ON) ON [PRIMARY]
) ON [PRIMARY]

GO
SET ANSI_PADDING OFF
GO
/****** Object:  Table [dbo].[TB_M_LRN_QA]    Script Date: 6/4/2020 01:02:01 PM ******/
SET ANSI_NULLS ON
GO
SET QUOTED_IDENTIFIER ON
GO
SET ANSI_PADDING ON
GO
CREATE TABLE [dbo].[TB_M_LRN_QA](
	[ID_TB_M_LRN_QA] [varchar](50) NOT NULL,
	[QUESTION] [varchar](100) NULL,
	[QUESTION_IMG_PATH] [varchar](255) NULL,
	[IMG_POS] [char](1) NULL,
	[TYPE] [varchar](10) NULL,
	[CREATE_BY] [varchar](50) NULL,
	[CREATE_DT] [datetime] NULL,
	[UPDATE_BY] [varchar](50) NULL,
	[UPDATE_DT] [datetime] NULL,
	[STATUS] [smallint] NULL,
 CONSTRAINT [PK_TB_M_LRN_QA] PRIMARY KEY CLUSTERED 
(
	[ID_TB_M_LRN_QA] ASC
)WITH (PAD_INDEX = OFF, STATISTICS_NORECOMPUTE = OFF, IGNORE_DUP_KEY = OFF, ALLOW_ROW_LOCKS = ON, ALLOW_PAGE_LOCKS = ON) ON [PRIMARY]
) ON [PRIMARY]

GO
SET ANSI_PADDING OFF
GO
/****** Object:  Table [dbo].[TB_M_MESSAGE]    Script Date: 6/4/2020 01:02:01 PM ******/
SET ANSI_NULLS ON
GO
SET QUOTED_IDENTIFIER ON
GO
CREATE TABLE [dbo].[TB_M_MESSAGE](
	[ID_TB_M_MESSAGE] [int] IDENTITY(1,1) NOT NULL,
	[MSG_ID] [nvarchar](15) NOT NULL,
	[MSG_TEXT] [nvarchar](250) NULL,
	[MSG_TYPE] [nvarchar](20) NULL,
 CONSTRAINT [PK_TB_M_MESSAGE] PRIMARY KEY CLUSTERED 
(
	[ID_TB_M_MESSAGE] ASC
)WITH (PAD_INDEX = OFF, STATISTICS_NORECOMPUTE = OFF, IGNORE_DUP_KEY = OFF, ALLOW_ROW_LOCKS = ON, ALLOW_PAGE_LOCKS = ON) ON [PRIMARY]
) ON [PRIMARY]

GO
/****** Object:  Table [dbo].[TB_M_PLANT]    Script Date: 6/4/2020 01:02:01 PM ******/
SET ANSI_NULLS ON
GO
SET QUOTED_IDENTIFIER ON
GO
SET ANSI_PADDING ON
GO
CREATE TABLE [dbo].[TB_M_PLANT](
	[PLANT_CD] [varchar](2) NOT NULL,
	[PLANT_NM] [varchar](20) NULL,
	[PLANT_DESC] [varchar](20) NULL,
 CONSTRAINT [PK_TB_M_PLANT] PRIMARY KEY CLUSTERED 
(
	[PLANT_CD] ASC
)WITH (PAD_INDEX = OFF, STATISTICS_NORECOMPUTE = OFF, IGNORE_DUP_KEY = OFF, ALLOW_ROW_LOCKS = ON, ALLOW_PAGE_LOCKS = ON) ON [PRIMARY]
) ON [PRIMARY]

GO
SET ANSI_PADDING OFF
GO
/****** Object:  Table [dbo].[TB_M_PROJECT]    Script Date: 6/4/2020 01:02:01 PM ******/
SET ANSI_NULLS ON
GO
SET QUOTED_IDENTIFIER ON
GO
SET ANSI_PADDING ON
GO
CREATE TABLE [dbo].[TB_M_PROJECT](
	[ID_TB_M_PROJECT] [varchar](50) NOT NULL,
	[PROJECT_CODE] [varchar](11) NULL,
	[PROJECT_NAME] [varchar](100) NULL,
	[ID_TB_M_AREA] [int] NULL,
	[CREATE_BY] [varchar](50) NULL,
	[CREATE_DT] [datetime] NULL,
	[UPDATE_BY] [varchar](50) NULL,
	[UPDATE_DT] [datetime] NULL,
	[STATUS] [smallint] NULL,
 CONSTRAINT [PK_TB_M_PROJECT] PRIMARY KEY CLUSTERED 
(
	[ID_TB_M_PROJECT] ASC
)WITH (PAD_INDEX = OFF, STATISTICS_NORECOMPUTE = OFF, IGNORE_DUP_KEY = OFF, ALLOW_ROW_LOCKS = ON, ALLOW_PAGE_LOCKS = ON) ON [PRIMARY]
) ON [PRIMARY]

GO
SET ANSI_PADDING OFF
GO
/****** Object:  Table [dbo].[TB_M_ROLE]    Script Date: 6/4/2020 01:02:01 PM ******/
SET ANSI_NULLS ON
GO
SET QUOTED_IDENTIFIER ON
GO
SET ANSI_PADDING ON
GO
CREATE TABLE [dbo].[TB_M_ROLE](
	[ID_TB_M_ROLE] [int] IDENTITY(1,1) NOT NULL,
	[ID_TB_M_AUTHORIZATION_FUNCTION] [varchar](50) NULL,
	[ROLE_NAME] [varchar](50) NULL,
	[ROLE_DESC] [varchar](50) NULL,
	[SESSION_TIME_OUT] [int] NULL,
	[LOCK_TIME_OUT] [int] NULL,
	[ROLE_ST] [tinyint] NULL,
	[CREATED_BY] [varchar](50) NULL,
	[CREATED_DT] [datetime] NULL,
	[UPDATED_BY] [varchar](50) NULL,
	[UPDATED_DT] [datetime] NULL,
	[IS_DELETED] [smallint] NULL,
 CONSTRAINT [PK_TB_M_ROLE] PRIMARY KEY CLUSTERED 
(
	[ID_TB_M_ROLE] ASC
)WITH (PAD_INDEX = OFF, STATISTICS_NORECOMPUTE = OFF, IGNORE_DUP_KEY = OFF, ALLOW_ROW_LOCKS = ON, ALLOW_PAGE_LOCKS = ON) ON [PRIMARY]
) ON [PRIMARY]

GO
SET ANSI_PADDING OFF
GO
/****** Object:  Table [dbo].[TB_M_SEQ_NUMBER]    Script Date: 6/4/2020 01:02:01 PM ******/
SET ANSI_NULLS ON
GO
SET QUOTED_IDENTIFIER ON
GO
SET ANSI_PADDING ON
GO
CREATE TABLE [dbo].[TB_M_SEQ_NUMBER](
	[ID] [int] IDENTITY(1,1) NOT NULL,
	[TYPE_TRX] [varchar](50) NOT NULL,
	[YEAR_TRX] [int] NOT NULL,
	[MONTH_TRX] [int] NOT NULL,
	[SEQ_NUMBER] [int] NOT NULL,
	[CREATED_BY] [varchar](20) NULL,
	[CREATED_DT] [datetime] NULL,
 CONSTRAINT [PK_TB_M_SEQ_NUMBER] PRIMARY KEY CLUSTERED 
(
	[ID] ASC
)WITH (PAD_INDEX = OFF, STATISTICS_NORECOMPUTE = OFF, IGNORE_DUP_KEY = OFF, ALLOW_ROW_LOCKS = ON, ALLOW_PAGE_LOCKS = ON) ON [PRIMARY]
) ON [PRIMARY]

GO
SET ANSI_PADDING OFF
GO
/****** Object:  Table [dbo].[TB_M_SYSTEM]    Script Date: 6/4/2020 01:02:01 PM ******/
SET ANSI_NULLS ON
GO
SET QUOTED_IDENTIFIER ON
GO
SET ANSI_PADDING ON
GO
CREATE TABLE [dbo].[TB_M_SYSTEM](
	[SYSTEM_ID] [varchar](50) NOT NULL,
	[SYSTEM_TYPE] [varchar](20) NULL,
	[SYSTEM_CD] [varchar](20) NULL,
	[SYSTEM_VALID_FR] [datetime] NULL,
	[SYSTEM_VALID_TO] [datetime] NULL,
	[SYSTEM_VALUE_TXT] [varchar](50) NULL,
	[SYSTEM_VALUE_NUM] [int] NULL,
	[SYSTEM_VALUE_DT] [datetime] NULL,
	[CREATED_BY] [varchar](50) NULL,
	[CREATED_DT] [datetime] NULL,
	[CHANGED_BY] [varchar](50) NULL,
	[CHANGED_DT] [datetime] NULL,
	[IS_DELETED] [int] NULL
) ON [PRIMARY]

GO
SET ANSI_PADDING OFF
GO
/****** Object:  Table [dbo].[TB_M_USER_MAPPING]    Script Date: 6/4/2020 01:02:01 PM ******/
SET ANSI_NULLS ON
GO
SET QUOTED_IDENTIFIER ON
GO
SET ANSI_PADDING ON
GO
CREATE TABLE [dbo].[TB_M_USER_MAPPING](
	[ID_TB_M_USER_MAPPING] [int] IDENTITY(1,1) NOT NULL,
	[NOREG] [varchar](50) NULL,
	[POSITION] [varchar](40) NULL,
	[DIV_ID] [varchar](20) NULL,
	[PLANT_ID] [varchar](20) NULL,
	[NAME] [varchar](50) NOT NULL,
	[EMAIL] [varchar](50) NULL,
	[USERNAME] [varchar](50) NOT NULL,
	[PASSWORD] [varchar](70) NOT NULL,
	[CREATED_BY] [varchar](50) NULL,
	[CREATED_DT] [datetime] NULL,
	[UPDATED_BY] [varchar](50) NULL,
	[UPDATED_DT] [datetime] NULL,
	[USER_ST] [tinyint] NOT NULL,
 CONSTRAINT [PK_TB_M_USER_MAPPING] PRIMARY KEY CLUSTERED 
(
	[ID_TB_M_USER_MAPPING] ASC
)WITH (PAD_INDEX = OFF, STATISTICS_NORECOMPUTE = OFF, IGNORE_DUP_KEY = OFF, ALLOW_ROW_LOCKS = ON, ALLOW_PAGE_LOCKS = ON) ON [PRIMARY]
) ON [PRIMARY]

GO
SET ANSI_PADDING OFF
GO
/****** Object:  Table [dbo].[TB_M_USER_PLANT]    Script Date: 6/4/2020 01:02:01 PM ******/
SET ANSI_NULLS ON
GO
SET QUOTED_IDENTIFIER ON
GO
SET ANSI_PADDING ON
GO
CREATE TABLE [dbo].[TB_M_USER_PLANT](
	[USERNAME] [varchar](50) NOT NULL,
	[PLANT_CD] [varchar](2) NULL,
	[PLANT_NM] [varchar](50) NULL,
	[COMPANY] [varchar](25) NULL,
	[CREATED_BY] [varchar](50) NOT NULL,
	[CREATED_DT] [datetime] NOT NULL,
	[CHANGED_BY] [varchar](50) NOT NULL,
	[CHANGED_DT] [datetime] NOT NULL
) ON [PRIMARY]

GO
SET ANSI_PADDING OFF
GO
/****** Object:  Table [dbo].[TB_M_WORKING_TYPE]    Script Date: 6/4/2020 01:02:01 PM ******/
SET ANSI_NULLS ON
GO
SET QUOTED_IDENTIFIER ON
GO
SET ANSI_PADDING ON
GO
CREATE TABLE [dbo].[TB_M_WORKING_TYPE](
	[ID_TB_M_WORKING_TYPE] [int] IDENTITY(1,1) NOT NULL,
	[WORKING_NAME] [varchar](100) NULL,
	[STATUS] [smallint] NULL,
	[CREATE_BY] [varchar](50) NULL,
	[CREATE_DT] [datetime] NULL,
	[UPDATE_BY] [varchar](50) NULL,
	[UPDATE_DT] [datetime] NULL,
	[IS_DELETED] [smallint] NULL,
 CONSTRAINT [PK_TB_M_WORKING_TYPE] PRIMARY KEY CLUSTERED 
(
	[ID_TB_M_WORKING_TYPE] ASC
)WITH (PAD_INDEX = OFF, STATISTICS_NORECOMPUTE = OFF, IGNORE_DUP_KEY = OFF, ALLOW_ROW_LOCKS = ON, ALLOW_PAGE_LOCKS = ON) ON [PRIMARY]
) ON [PRIMARY]

GO
SET ANSI_PADDING OFF
GO
/****** Object:  Table [dbo].[TB_R_LEARN_EXAM_COMPANY]    Script Date: 6/4/2020 01:02:01 PM ******/
SET ANSI_NULLS ON
GO
SET QUOTED_IDENTIFIER ON
GO
SET ANSI_PADDING ON
GO
CREATE TABLE [dbo].[TB_R_LEARN_EXAM_COMPANY](
	[ID_TB_R_LEARN_EXAM_COMPANY] [int] IDENTITY(1,1) NOT NULL,
	[ID_TB_R_LEARN_EXAM_SUBJECT] [int] NOT NULL,
	[IS_DELETED] [smallint] NULL,
	[CREATED_BY] [varchar](50) NULL,
	[CREATED_DT] [datetime] NULL,
	[UPDATED_BY] [varchar](50) NULL,
	[UPDATED_DT] [datetime] NULL,
 CONSTRAINT [PK_TB_R_LEARN_EXAM_COMPANY] PRIMARY KEY CLUSTERED 
(
	[ID_TB_R_LEARN_EXAM_COMPANY] ASC
)WITH (PAD_INDEX = OFF, STATISTICS_NORECOMPUTE = OFF, IGNORE_DUP_KEY = OFF, ALLOW_ROW_LOCKS = ON, ALLOW_PAGE_LOCKS = ON) ON [PRIMARY]
) ON [PRIMARY]

GO
SET ANSI_PADDING OFF
GO
/****** Object:  Table [dbo].[TB_R_LEARN_EXAM_QUESTION]    Script Date: 6/4/2020 01:02:01 PM ******/
SET ANSI_NULLS ON
GO
SET QUOTED_IDENTIFIER ON
GO
SET ANSI_PADDING ON
GO
CREATE TABLE [dbo].[TB_R_LEARN_EXAM_QUESTION](
	[ID_TB_R_LEARN_EXAM_QUESTION] [int] IDENTITY(1,1) NOT NULL,
	[ID_TB_R_LEARN_EXAM_SUBJECT] [int] NOT NULL,
	[ID_TB_M_LEARN_QUESTION] [int] NOT NULL,
	[IS_DELETED] [smallint] NULL,
	[CREATED_BY] [varchar](50) NULL,
	[CREATED_DT] [datetime] NULL,
	[UPDATED_BY] [varchar](50) NULL,
	[UPDATED_DT] [datetime] NULL,
 CONSTRAINT [PK_TB_R_LEARN_EXAM_QUESTION] PRIMARY KEY CLUSTERED 
(
	[ID_TB_R_LEARN_EXAM_QUESTION] ASC
)WITH (PAD_INDEX = OFF, STATISTICS_NORECOMPUTE = OFF, IGNORE_DUP_KEY = OFF, ALLOW_ROW_LOCKS = ON, ALLOW_PAGE_LOCKS = ON) ON [PRIMARY]
) ON [PRIMARY]

GO
SET ANSI_PADDING OFF
GO
/****** Object:  Table [dbo].[TB_R_LEARN_EXAM_SCORE]    Script Date: 6/4/2020 01:02:01 PM ******/
SET ANSI_NULLS ON
GO
SET QUOTED_IDENTIFIER ON
GO
SET ANSI_PADDING ON
GO
CREATE TABLE [dbo].[TB_R_LEARN_EXAM_SCORE](
	[ID_TB_R_LEARN_EXAM_SCORE] [int] IDENTITY(1,1) NOT NULL,
	[ID_TB_M_EMPLOYEE] [int] NOT NULL,
	[ID_TB_R_LEARN_EXAM_SUBJECT] [int] NOT NULL,
	[ID_TB_M_COMPANY] [int] NULL,
	[ANSWER] [text] NOT NULL,
	[CORRECT_AMOUNT] [int] NOT NULL,
	[WRONG_AMOUNT] [int] NOT NULL,
	[NOT_ANSWERED_AMOUNT] [int] NOT NULL,
	[REMEDIAL] [smallint] NOT NULL,
	[SCORE] [decimal](18, 2) NULL,
	[PASS_GRADUATED] [varchar](10) NULL,
	[TIMER] [int] NULL,
	[SUBMIT_DATE] [datetime] NULL,
	[IS_STATUS] [varchar](10) NULL,
 CONSTRAINT [PK_TB_R_LEARN_EXAM_SCORE] PRIMARY KEY CLUSTERED 
(
	[ID_TB_R_LEARN_EXAM_SCORE] ASC
)WITH (PAD_INDEX = OFF, STATISTICS_NORECOMPUTE = OFF, IGNORE_DUP_KEY = OFF, ALLOW_ROW_LOCKS = ON, ALLOW_PAGE_LOCKS = ON) ON [PRIMARY]
) ON [PRIMARY] TEXTIMAGE_ON [PRIMARY]

GO
SET ANSI_PADDING OFF
GO
/****** Object:  Table [dbo].[TB_R_LEARN_EXAM_SUBJECT]    Script Date: 6/4/2020 01:02:01 PM ******/
SET ANSI_NULLS ON
GO
SET QUOTED_IDENTIFIER ON
GO
SET ANSI_PADDING ON
GO
CREATE TABLE [dbo].[TB_R_LEARN_EXAM_SUBJECT](
	[ID_TB_R_LEARN_EXAM_SUBJECT] [int] IDENTITY(1,1) NOT NULL,
	[TITLE] [text] NOT NULL,
	[PASSING_SCORE_REQUIREMENT] [smallint] NULL,
	[EXAM_DURATION] [smallint] NULL,
	[DATE_EXAM_PERIOD_START] [datetime] NULL,
	[DATE_EXAM_PERIOD_END] [datetime] NULL,
	[REMEDIAL] [smallint] NULL,
	[EXAM_TYPE] [varchar](20) NULL,
	[TOTAL_PUBLISHED] [smallint] NULL,
	[IS_PUBLISHED] [smallint] NULL,
	[IS_DELETED] [smallint] NULL,
	[CREATED_BY] [varchar](50) NULL,
	[CREATED_DT] [datetime] NULL,
	[UPDATED_BY] [varchar](50) NULL,
	[UPDATED_DT] [datetime] NULL,
 CONSTRAINT [PK_TB_R_LEARN_EXAM_SUBJECT_1] PRIMARY KEY CLUSTERED 
(
	[ID_TB_R_LEARN_EXAM_SUBJECT] ASC
)WITH (PAD_INDEX = OFF, STATISTICS_NORECOMPUTE = OFF, IGNORE_DUP_KEY = OFF, ALLOW_ROW_LOCKS = ON, ALLOW_PAGE_LOCKS = ON) ON [PRIMARY]
) ON [PRIMARY] TEXTIMAGE_ON [PRIMARY]

GO
SET ANSI_PADDING OFF
GO
/****** Object:  Table [dbo].[TB_R_LEARN_REG_PROJ_EMPLOYEE]    Script Date: 6/4/2020 01:02:01 PM ******/
SET ANSI_NULLS ON
GO
SET QUOTED_IDENTIFIER ON
GO
SET ANSI_PADDING ON
GO
CREATE TABLE [dbo].[TB_R_LEARN_REG_PROJ_EMPLOYEE](
	[ID_TB_R_LEARN_REG_PROJ_EMPLOYEE] [int] IDENTITY(1,1) NOT NULL,
	[ID_TB_M_EMPLOYEE] [int] NULL,
	[ID_TB_R_WP_PROJECT] [int] NULL,
	[ID_TB_M_COMPANY] [int] NULL,
	[DATE_JOIN_PROJECT] [datetime] NULL,
	[COMPANY_FROM] [int] NULL,
	[COMPANY_TO] [int] NULL,
	[IS_PROGRESS] [varchar](10) NULL,
	[IS_DELETED] [smallint] NULL,
	[CREATED_BY] [varchar](50) NULL,
	[CREATED_DT] [datetime] NULL,
	[UPDATED_BY] [varchar](50) NULL,
	[UPDATED_DT] [datetime] NULL,
 CONSTRAINT [PK_TB_R_LEARN_REG_PROJ_EMPLOYEE] PRIMARY KEY CLUSTERED 
(
	[ID_TB_R_LEARN_REG_PROJ_EMPLOYEE] ASC
)WITH (PAD_INDEX = OFF, STATISTICS_NORECOMPUTE = OFF, IGNORE_DUP_KEY = OFF, ALLOW_ROW_LOCKS = ON, ALLOW_PAGE_LOCKS = ON) ON [PRIMARY]
) ON [PRIMARY]

GO
SET ANSI_PADDING OFF
GO
/****** Object:  Table [dbo].[TB_R_LOG_D]    Script Date: 6/4/2020 01:02:01 PM ******/
SET ANSI_NULLS ON
GO
SET QUOTED_IDENTIFIER ON
GO
SET ANSI_PADDING ON
GO
CREATE TABLE [dbo].[TB_R_LOG_D](
	[PROCESS_ID] [varchar](50) NOT NULL,
	[SEQ_NO] [int] NULL,
	[ERROR_DT] [varchar](50) NULL,
	[ERROR_LOC] [varchar](255) NULL,
	[MESSAGE_TYPE] [varchar](50) NULL,
	[MESSAGE_ID] [varchar](50) NULL,
	[ERROR_MESSAGE] [datetime] NULL,
 CONSTRAINT [PK_TB_R_LOG_D] PRIMARY KEY CLUSTERED 
(
	[PROCESS_ID] ASC
)WITH (PAD_INDEX = OFF, STATISTICS_NORECOMPUTE = OFF, IGNORE_DUP_KEY = OFF, ALLOW_ROW_LOCKS = ON, ALLOW_PAGE_LOCKS = ON) ON [PRIMARY]
) ON [PRIMARY]

GO
SET ANSI_PADDING OFF
GO
/****** Object:  Table [dbo].[TB_R_LOG_H]    Script Date: 6/4/2020 01:02:01 PM ******/
SET ANSI_NULLS ON
GO
SET QUOTED_IDENTIFIER ON
GO
SET ANSI_PADDING ON
GO
CREATE TABLE [dbo].[TB_R_LOG_H](
	[PROCESS_ID] [varchar](50) NOT NULL,
	[USER_ID] [varchar](50) NULL,
	[SUBSYSTEM_ID] [varchar](30) NULL,
	[FUNCTION_ID] [varchar](20) NULL,
	[STS] [tinyint] NULL,
	[START_DT] [datetime] NULL,
	[END_DT] [datetime] NULL,
	[REMARK] [varchar](30) NULL,
	[CREATED_BY] [varchar](50) NULL,
	[CREATED_DT] [datetime] NULL,
	[CHANGED_BY] [varchar](50) NULL,
	[CHANGED_DT] [datetime] NULL,
 CONSTRAINT [PK_TB_R_LOG_H] PRIMARY KEY CLUSTERED 
(
	[PROCESS_ID] ASC
)WITH (PAD_INDEX = OFF, STATISTICS_NORECOMPUTE = OFF, IGNORE_DUP_KEY = OFF, ALLOW_ROW_LOCKS = ON, ALLOW_PAGE_LOCKS = ON) ON [PRIMARY]
) ON [PRIMARY]

GO
SET ANSI_PADDING OFF
GO
/****** Object:  Table [dbo].[TB_R_LRN_EXAM]    Script Date: 6/4/2020 01:02:01 PM ******/
SET ANSI_NULLS ON
GO
SET QUOTED_IDENTIFIER ON
GO
SET ANSI_PADDING ON
GO
CREATE TABLE [dbo].[TB_R_LRN_EXAM](
	[ID_TB_R_LRN_EXAM] [varchar](50) NOT NULL,
	[ID_TB_M_LEARN_REGISTER] [varchar](50) NULL,
	[ID_TB_M_EXAM_HEADER] [varchar](50) NULL,
	[CREATE_BY] [varchar](50) NULL,
	[CREATE_DT] [datetime] NULL,
	[UPDATE_BY] [varchar](50) NULL,
	[UPDATE_DT] [datetime] NULL,
	[STATUS] [smallint] NULL,
 CONSTRAINT [PK_TB_R_LRN_EXAM] PRIMARY KEY CLUSTERED 
(
	[ID_TB_R_LRN_EXAM] ASC
)WITH (PAD_INDEX = OFF, STATISTICS_NORECOMPUTE = OFF, IGNORE_DUP_KEY = OFF, ALLOW_ROW_LOCKS = ON, ALLOW_PAGE_LOCKS = ON) ON [PRIMARY]
) ON [PRIMARY]

GO
SET ANSI_PADDING OFF
GO
/****** Object:  Table [dbo].[TB_R_WP_DAILY]    Script Date: 6/4/2020 01:02:01 PM ******/
SET ANSI_NULLS ON
GO
SET QUOTED_IDENTIFIER ON
GO
SET ANSI_PADDING ON
GO
CREATE TABLE [dbo].[TB_R_WP_DAILY](
	[ID_TB_R_WP_DAILY] [varchar](50) NOT NULL,
	[ID_TB_R_WP_HEADER] [varchar](50) NULL,
	[TITLE] [varchar](100) NULL,
	[SEQ_NO] [int] NULL,
	[DAILY_DT] [datetime] NULL,
	[CREATE_BY] [varchar](50) NULL,
	[CREATE_DT] [datetime] NULL,
	[UPDATE_BY] [varchar](50) NULL,
	[UPDATE_DT] [datetime] NULL,
	[STATUS] [smallint] NULL,
	[CRITERIA] [smallint] NULL,
	[ID_TB_R_DETAIL_WORKING] [int] NULL,
 CONSTRAINT [PK_TB_R_WP_DAILY] PRIMARY KEY CLUSTERED 
(
	[ID_TB_R_WP_DAILY] ASC
)WITH (PAD_INDEX = OFF, STATISTICS_NORECOMPUTE = OFF, IGNORE_DUP_KEY = OFF, ALLOW_ROW_LOCKS = ON, ALLOW_PAGE_LOCKS = ON) ON [PRIMARY]
) ON [PRIMARY]

GO
SET ANSI_PADDING OFF
GO
/****** Object:  Table [dbo].[TB_R_WP_DAILY_APD]    Script Date: 6/4/2020 01:02:01 PM ******/
SET ANSI_NULLS ON
GO
SET QUOTED_IDENTIFIER ON
GO
SET ANSI_PADDING ON
GO
CREATE TABLE [dbo].[TB_R_WP_DAILY_APD](
	[ID_TB_R_WP_DAILY_APD] [varchar](50) NOT NULL,
	[ID_TB_R_WP_DAILY] [varchar](50) NULL,
	[APD_NAME] [varchar](30) NULL,
	[SEQ_NO] [int] NULL,
	[CREATE_BY] [varchar](50) NULL,
	[CREATE_DT] [datetime] NULL,
	[UPDATE_BY] [varchar](50) NULL,
	[UPDATE_DT] [datetime] NULL,
 CONSTRAINT [PK_TB_R_WP_DAILY_APD] PRIMARY KEY CLUSTERED 
(
	[ID_TB_R_WP_DAILY_APD] ASC
)WITH (PAD_INDEX = OFF, STATISTICS_NORECOMPUTE = OFF, IGNORE_DUP_KEY = OFF, ALLOW_ROW_LOCKS = ON, ALLOW_PAGE_LOCKS = ON) ON [PRIMARY]
) ON [PRIMARY]

GO
SET ANSI_PADDING OFF
GO
/****** Object:  Table [dbo].[TB_R_WP_DAILY_UTIL_REQUEST]    Script Date: 6/4/2020 01:02:01 PM ******/
SET ANSI_NULLS ON
GO
SET QUOTED_IDENTIFIER ON
GO
SET ANSI_PADDING ON
GO
CREATE TABLE [dbo].[TB_R_WP_DAILY_UTIL_REQUEST](
	[ID_R_WP_DAILY_UTIL_REQUEST] [varchar](50) NOT NULL,
	[ID_TB_R_WP_DAILY] [varchar](50) NULL,
	[REQUEST_NAME] [varchar](20) NULL,
	[SEQ_NO] [smallint] NULL,
	[STATUS] [smallint] NULL,
	[CREATE_BY] [varchar](50) NULL,
	[CREATE_DT] [datetime] NULL,
	[UPDATE_BY] [varchar](50) NULL,
	[UPDATE_DATE] [datetime] NULL,
 CONSTRAINT [PK_TB_R_WP_DAILY_UTIL_REQUEST] PRIMARY KEY CLUSTERED 
(
	[ID_R_WP_DAILY_UTIL_REQUEST] ASC
)WITH (PAD_INDEX = OFF, STATISTICS_NORECOMPUTE = OFF, IGNORE_DUP_KEY = OFF, ALLOW_ROW_LOCKS = ON, ALLOW_PAGE_LOCKS = ON) ON [PRIMARY]
) ON [PRIMARY]

GO
SET ANSI_PADDING OFF
GO
/****** Object:  Table [dbo].[TB_R_WP_DAILY_WI_DEN]    Script Date: 6/4/2020 01:02:01 PM ******/
SET ANSI_NULLS ON
GO
SET QUOTED_IDENTIFIER ON
GO
SET ANSI_PADDING ON
GO
CREATE TABLE [dbo].[TB_R_WP_DAILY_WI_DEN](
	[ID_TB_R_WP_DAILY_WI_DEN] [varchar](50) NOT NULL,
	[ID_TB_R_WP_DAILY] [varchar](50) NULL,
	[WORKING_NAME] [varchar](50) NULL,
	[TIME_FROM] [datetime] NULL,
	[TIME_TO] [datetime] NULL,
	[STOP_SIX] [varchar](6) NULL,
	[PIC] [varchar](50) NULL,
	[STATUS] [smallint] NULL,
	[CREATE_BY] [varchar](50) NULL,
	[CREATE_DT] [datetime] NULL,
	[UPDATE_BY] [varchar](50) NULL,
	[UPDATE_DT] [datetime] NULL
) ON [PRIMARY]

GO
SET ANSI_PADDING OFF
GO
/****** Object:  Table [dbo].[TB_R_WP_DAILY_WORKER_LIST]    Script Date: 6/4/2020 01:02:01 PM ******/
SET ANSI_NULLS ON
GO
SET QUOTED_IDENTIFIER ON
GO
SET ANSI_PADDING ON
GO
CREATE TABLE [dbo].[TB_R_WP_DAILY_WORKER_LIST](
	[ID_TB_R_WP_DAILY_WORKER_LIST] [varchar](50) NOT NULL,
	[ID_TB_R_WP_DAILY] [varchar](50) NULL,
	[WORKING_NAME] [varchar](100) NULL,
	[SEQ_NO] [int] NULL,
	[STATUS] [smallint] NULL,
	[CREATE_BY] [varchar](50) NULL,
	[CREATE_DT] [datetime] NULL,
	[UPDATE_BY] [varchar](50) NULL,
	[UPDATE_DT] [datetime] NULL,
 CONSTRAINT [PK_TB_R_WP_DAILY_WORKER_LIST] PRIMARY KEY CLUSTERED 
(
	[ID_TB_R_WP_DAILY_WORKER_LIST] ASC
)WITH (PAD_INDEX = OFF, STATISTICS_NORECOMPUTE = OFF, IGNORE_DUP_KEY = OFF, ALLOW_ROW_LOCKS = ON, ALLOW_PAGE_LOCKS = ON) ON [PRIMARY]
) ON [PRIMARY]

GO
SET ANSI_PADDING OFF
GO
/****** Object:  Table [dbo].[TB_R_WP_DAILY_WPROC_KY]    Script Date: 6/4/2020 01:02:01 PM ******/
SET ANSI_NULLS ON
GO
SET QUOTED_IDENTIFIER ON
GO
SET ANSI_PADDING ON
GO
CREATE TABLE [dbo].[TB_R_WP_DAILY_WPROC_KY](
	[ID_TB_R_WP_DAILY_WPROC_KY] [varchar](50) NOT NULL,
	[ID_TB_R_WP_DAILY] [varchar](50) NULL,
	[WORK_PROCEDURE_TITTLE] [varchar](100) NULL,
	[WORK_PROCEDURE] [varchar](100) NULL,
	[IMP_POINT_NOTE] [varchar](50) NULL,
	[STATUS] [smallint] NULL,
	[CREATE_BY] [varchar](50) NULL,
	[CREATE_DT] [datetime] NULL,
	[UPDATE_BY] [varchar](50) NULL,
	[UPDATE_DT] [datetime] NULL,
 CONSTRAINT [PK_TB_R_WP_DAILY_WPROC_KY] PRIMARY KEY CLUSTERED 
(
	[ID_TB_R_WP_DAILY_WPROC_KY] ASC
)WITH (PAD_INDEX = OFF, STATISTICS_NORECOMPUTE = OFF, IGNORE_DUP_KEY = OFF, ALLOW_ROW_LOCKS = ON, ALLOW_PAGE_LOCKS = ON) ON [PRIMARY]
) ON [PRIMARY]

GO
SET ANSI_PADDING OFF
GO
/****** Object:  Table [dbo].[TB_R_WP_DAILY_WPROC_KY_R_ONE]    Script Date: 6/4/2020 01:02:01 PM ******/
SET ANSI_NULLS ON
GO
SET QUOTED_IDENTIFIER ON
GO
SET ANSI_PADDING ON
GO
CREATE TABLE [dbo].[TB_R_WP_DAILY_WPROC_KY_R_ONE](
	[ID_TB_R_WP_DAILY_WPROC_KY_R_ONE] [varchar](50) NOT NULL,
	[ID_TB_R_WP_DAILY_WPROC_KY] [varchar](50) NULL,
	[NAME] [varchar](50) NULL,
	[PATH] [varchar](255) NULL,
	[STATUS] [smallint] NULL,
	[CREATE_BY] [varchar](50) NULL,
	[CREATE_DT] [datetime] NULL,
	[UPDATE_BY] [varchar](50) NULL,
	[UPDATE_DT] [datetime] NULL,
 CONSTRAINT [PK_TB_R_WP_DAILY_WPROC_KY_R_ON] PRIMARY KEY CLUSTERED 
(
	[ID_TB_R_WP_DAILY_WPROC_KY_R_ONE] ASC
)WITH (PAD_INDEX = OFF, STATISTICS_NORECOMPUTE = OFF, IGNORE_DUP_KEY = OFF, ALLOW_ROW_LOCKS = ON, ALLOW_PAGE_LOCKS = ON) ON [PRIMARY]
) ON [PRIMARY]

GO
SET ANSI_PADDING OFF
GO
/****** Object:  Table [dbo].[TB_R_WP_DAILY_WPROC_KY_R_TWO]    Script Date: 6/4/2020 01:02:01 PM ******/
SET ANSI_NULLS ON
GO
SET QUOTED_IDENTIFIER ON
GO
SET ANSI_PADDING ON
GO
CREATE TABLE [dbo].[TB_R_WP_DAILY_WPROC_KY_R_TWO](
	[ID_TB_R_WP_DAILY_WPROC_KY_R_TWO] [varchar](50) NOT NULL,
	[ID_TB_R_WP_DAILY_WPROC_KY] [varchar](50) NULL,
	[DESCRIPTION] [varchar](100) NULL,
	[SEQ_NO] [int] NULL,
	[STOP_SIX] [char](1) NULL,
	[RANK] [varchar](3) NULL,
	[PREVENTION] [varchar](50) NULL,
	[STATUS] [smallint] NULL,
	[CREATE_BY] [varchar](50) NULL,
	[CREATE_DT] [datetime] NULL,
	[UPDATE_BY] [varchar](50) NULL,
	[UPDATE_DT] [datetime] NULL,
 CONSTRAINT [PK_TB_R_WP_DAILY_WPROC_KY_R_TW] PRIMARY KEY CLUSTERED 
(
	[ID_TB_R_WP_DAILY_WPROC_KY_R_TWO] ASC
)WITH (PAD_INDEX = OFF, STATISTICS_NORECOMPUTE = OFF, IGNORE_DUP_KEY = OFF, ALLOW_ROW_LOCKS = ON, ALLOW_PAGE_LOCKS = ON) ON [PRIMARY]
) ON [PRIMARY]

GO
SET ANSI_PADDING OFF
GO
/****** Object:  Table [dbo].[TB_R_WP_DETAIL]    Script Date: 6/4/2020 01:02:01 PM ******/
SET ANSI_NULLS ON
GO
SET QUOTED_IDENTIFIER ON
GO
CREATE TABLE [dbo].[TB_R_WP_DETAIL](
	[ID] [bigint] IDENTITY(1,1) NOT NULL,
	[PROJECT_CODE] [nvarchar](20) NOT NULL,
	[JOBS] [nvarchar](50) NOT NULL,
	[HIGHLEVEL] [nvarchar](1) NULL,
	[MEDIUMLEVEL] [nvarchar](1) NULL,
	[LOWLEVEL] [nvarchar](1) NULL,
	[DATE] [date] NOT NULL,
	[CAT_A] [nvarchar](1) NULL,
	[CAT_B] [nvarchar](1) NULL,
	[CAT_C] [nvarchar](1) NULL,
	[CAT_D] [nvarchar](1) NULL,
	[CAT_E] [nvarchar](1) NULL,
	[CAT_F] [nvarchar](1) NULL,
	[REMARKS] [nvarchar](50) NOT NULL,
	[STATUS] [nvarchar](25) NOT NULL,
	[CREATED_BY] [nvarchar](25) NOT NULL,
	[CREATED_DT] [datetime] NOT NULL,
	[CHANGED_BY] [nvarchar](25) NULL,
	[CHANGED_DT] [datetime] NULL
) ON [PRIMARY]

GO
/****** Object:  Table [dbo].[TB_R_WP_DETAIL_2]    Script Date: 6/4/2020 01:02:01 PM ******/
SET ANSI_NULLS ON
GO
SET QUOTED_IDENTIFIER ON
GO
SET ANSI_PADDING ON
GO
CREATE TABLE [dbo].[TB_R_WP_DETAIL_2](
	[ID] [bigint] IDENTITY(1,1) NOT NULL,
	[Project_CD] [nvarchar](20) NOT NULL,
	[Location] [nvarchar](40) NOT NULL,
	[Pekerjaan] [nvarchar](50) NOT NULL,
	[HighLevel] [nvarchar](1) NULL,
	[MediumLevel] [nvarchar](1) NULL,
	[LowLevel] [nvarchar](1) NULL,
	[Tanggal_Pekerjaan] [date] NOT NULL,
	[CatA] [nvarchar](1) NULL,
	[CatB] [nvarchar](1) NULL,
	[CatC] [nvarchar](1) NULL,
	[CatD] [nvarchar](1) NULL,
	[CatE] [nvarchar](1) NULL,
	[CatF] [nvarchar](1) NULL,
	[remarks] [nvarchar](50) NOT NULL,
	[Status] [nvarchar](25) NOT NULL,
	[CREATE_BY] [nvarchar](25) NOT NULL,
	[CREATE_DT] [datetime] NOT NULL,
	[UPDATE_BY] [nvarchar](25) NULL,
	[UPDATE_DT] [datetime] NULL,
	[Category] [varchar](50) NULL
) ON [PRIMARY]

GO
SET ANSI_PADDING OFF
GO
/****** Object:  Table [dbo].[TB_R_WP_DETAIL_IDENTIFICATION]    Script Date: 6/4/2020 01:02:01 PM ******/
SET ANSI_NULLS ON
GO
SET QUOTED_IDENTIFIER ON
GO
SET ANSI_PADDING ON
GO
CREATE TABLE [dbo].[TB_R_WP_DETAIL_IDENTIFICATION](
	[ID] [int] IDENTITY(1,1) NOT NULL,
	[WP_PROJECT_JOB_ID] [int] NOT NULL,
	[ID_TB_M_WORKING_TYPE] [int] NULL,
	[IDENTITY_DANGER_POTENTIAL] [varchar](255) NULL,
	[IDENTITY_DANGER_PREVENTION] [varchar](255) NULL,
	[ID_TB_M_EMPLOYEE] [int] NULL,
	[HENKANTEN_SAFETY] [nvarchar](255) NULL,
	[CREATED_DT] [datetime] NOT NULL,
	[CHANGED_BY] [nvarchar](25) NULL,
	[CHANGED_DT] [datetime] NULL,
	[CREATED_BY] [nvarchar](25) NOT NULL,
 CONSTRAINT [PK__TB_R_WP___3214EC275A846E65] PRIMARY KEY CLUSTERED 
(
	[ID] ASC
)WITH (PAD_INDEX = OFF, STATISTICS_NORECOMPUTE = OFF, IGNORE_DUP_KEY = OFF, ALLOW_ROW_LOCKS = ON, ALLOW_PAGE_LOCKS = ON) ON [PRIMARY]
) ON [PRIMARY]

GO
SET ANSI_PADDING OFF
GO
/****** Object:  Table [dbo].[TB_R_WP_DETAIL_IMPACT]    Script Date: 6/4/2020 01:02:01 PM ******/
SET ANSI_NULLS ON
GO
SET QUOTED_IDENTIFIER ON
GO
SET ANSI_PADDING ON
GO
CREATE TABLE [dbo].[TB_R_WP_DETAIL_IMPACT](
	[ID] [int] IDENTITY(1,1) NOT NULL,
	[WP_PROJECT_JOB_ID] [int] NOT NULL,
	[ID_TB_M_WORKING_TYPE] [int] NULL,
	[IDENTITY_IMPACT_POTENTIAL] [varchar](255) NULL,
	[IDENTITY_IMPACT_PREVENTION] [varchar](255) NULL,
	[ID_TB_M_EMPLOYEE] [int] NULL,
	[HENKANTEN_ENV] [nvarchar](100) NULL,
	[CREATED_DT] [datetime] NOT NULL,
	[CHANGED_BY] [nvarchar](25) NULL,
	[CHANGED_DT] [datetime] NULL,
	[CREATED_BY] [nvarchar](25) NOT NULL,
 CONSTRAINT [PK_TB_R_WP_DETAIL_IMPACT] PRIMARY KEY CLUSTERED 
(
	[ID] ASC
)WITH (PAD_INDEX = OFF, STATISTICS_NORECOMPUTE = OFF, IGNORE_DUP_KEY = OFF, ALLOW_ROW_LOCKS = ON, ALLOW_PAGE_LOCKS = ON) ON [PRIMARY]
) ON [PRIMARY]

GO
SET ANSI_PADDING OFF
GO
/****** Object:  Table [dbo].[TB_R_WP_DETAIL_IMPLEMENTOR]    Script Date: 6/4/2020 01:02:01 PM ******/
SET ANSI_NULLS ON
GO
SET QUOTED_IDENTIFIER ON
GO
CREATE TABLE [dbo].[TB_R_WP_DETAIL_IMPLEMENTOR](
	[ID] [int] IDENTITY(1,1) NOT NULL,
	[WP_PROJECT_JOB_ID] [int] NOT NULL,
	[EXECUTOR] [int] NOT NULL,
	[ID_TB_M_COMPANY] [int] NULL,
	[EMPLOYEE_LEAD_PROJECT] [int] NULL,
	[EMPLOYEE_SUPERVISOR_PROJECT] [int] NULL,
	[CREATED_BY] [nvarchar](25) NOT NULL,
	[CREATED_DT] [datetime] NOT NULL,
	[CHANGED_BY] [nvarchar](25) NULL,
	[CHANGED_DT] [datetime] NULL,
 CONSTRAINT [PK_TB_R_WP_DETAIL_IMPLEMENTOR] PRIMARY KEY CLUSTERED 
(
	[ID] ASC
)WITH (PAD_INDEX = OFF, STATISTICS_NORECOMPUTE = OFF, IGNORE_DUP_KEY = OFF, ALLOW_ROW_LOCKS = ON, ALLOW_PAGE_LOCKS = ON) ON [PRIMARY]
) ON [PRIMARY]

GO
/****** Object:  Table [dbo].[TB_R_WP_DETAIL_SHIFT]    Script Date: 6/4/2020 01:02:01 PM ******/
SET ANSI_NULLS ON
GO
SET QUOTED_IDENTIFIER ON
GO
CREATE TABLE [dbo].[TB_R_WP_DETAIL_SHIFT](
	[ID] [int] IDENTITY(1,1) NOT NULL,
	[WP_PROJECT_JOB_ID] [int] NOT NULL,
	[SHIFT_ID] [int] NOT NULL,
	[CREATED_BY] [nvarchar](25) NOT NULL,
	[CREATED_DT] [datetime] NOT NULL,
	[CHANGED_BY] [nvarchar](25) NULL,
	[CHANGED_DT] [datetime] NULL,
 CONSTRAINT [PK_TB_R_WP_DETAIL_SHIFT] PRIMARY KEY CLUSTERED 
(
	[ID] ASC
)WITH (PAD_INDEX = OFF, STATISTICS_NORECOMPUTE = OFF, IGNORE_DUP_KEY = OFF, ALLOW_ROW_LOCKS = ON, ALLOW_PAGE_LOCKS = ON) ON [PRIMARY]
) ON [PRIMARY]

GO
/****** Object:  Table [dbo].[TB_R_WP_DETAIL_SUPERVISION]    Script Date: 6/4/2020 01:02:01 PM ******/
SET ANSI_NULLS ON
GO
SET QUOTED_IDENTIFIER ON
GO
CREATE TABLE [dbo].[TB_R_WP_DETAIL_SUPERVISION](
	[ID] [int] IDENTITY(1,1) NOT NULL,
	[WP_PROJECT_JOB_ID] [int] NOT NULL,
	[ID_TB_M_EMPLOYEE] [int] NULL,
	[CREATED_BY] [nvarchar](25) NOT NULL,
	[CREATED_DT] [datetime] NOT NULL,
	[CHANGED_BY] [nvarchar](25) NULL,
	[CHANGED_DT] [datetime] NULL,
 CONSTRAINT [PK_TB_R_WP_DETAIL_SUPERVISION] PRIMARY KEY CLUSTERED 
(
	[ID] ASC
)WITH (PAD_INDEX = OFF, STATISTICS_NORECOMPUTE = OFF, IGNORE_DUP_KEY = OFF, ALLOW_ROW_LOCKS = ON, ALLOW_PAGE_LOCKS = ON) ON [PRIMARY]
) ON [PRIMARY]

GO
/****** Object:  Table [dbo].[TB_R_WP_DETAIL_WORKING]    Script Date: 6/4/2020 01:02:01 PM ******/
SET ANSI_NULLS ON
GO
SET QUOTED_IDENTIFIER ON
GO
SET ANSI_PADDING ON
GO
CREATE TABLE [dbo].[TB_R_WP_DETAIL_WORKING](
	[ID] [int] IDENTITY(1,1) NOT NULL,
	[WP_PROJECT_JOB_ID] [int] NOT NULL,
	[ID_TB_M_WORKING_TYPE] [int] NULL,
	[DANGER_TYPE] [bit] NULL,
	[DAY_1] [char](1) NULL,
	[DAY_2] [char](1) NULL,
	[DAY_3] [char](1) NULL,
	[DAY_4] [char](1) NULL,
	[DAY_5] [char](1) NULL,
	[DAY_6] [char](1) NULL,
	[DAY_7] [char](1) NULL,
	[CREATED_BY] [nvarchar](25) NOT NULL,
	[CREATED_DT] [datetime] NOT NULL,
	[CHANGED_BY] [nvarchar](25) NULL,
	[CHANGED_DT] [datetime] NULL,
	[SIX_A] [char](1) NULL,
	[SIX_B] [char](1) NULL,
	[SIX_C] [char](1) NULL,
	[SIX_D] [char](1) NULL,
	[SIX_E] [char](1) NULL,
	[SIX_F] [char](1) NULL,
	[SIX_ALPHA] [char](1) NULL,
 CONSTRAINT [PK_TB_R_WP_DETAIL_WORKING] PRIMARY KEY CLUSTERED 
(
	[ID] ASC
)WITH (PAD_INDEX = OFF, STATISTICS_NORECOMPUTE = OFF, IGNORE_DUP_KEY = OFF, ALLOW_ROW_LOCKS = ON, ALLOW_PAGE_LOCKS = ON) ON [PRIMARY]
) ON [PRIMARY]

GO
SET ANSI_PADDING OFF
GO
/****** Object:  Table [dbo].[TB_R_WP_HEADER]    Script Date: 6/4/2020 01:02:01 PM ******/
SET ANSI_NULLS ON
GO
SET QUOTED_IDENTIFIER ON
GO
SET ANSI_PADDING ON
GO
CREATE TABLE [dbo].[TB_R_WP_HEADER](
	[ID] [bigint] IDENTITY(1,1) NOT NULL,
	[WP_IMPB_NO] [nvarchar](20) NOT NULL,
	[ID_TB_M_AREA] [int] NOT NULL,
	[CREATED_BY] [nvarchar](25) NOT NULL,
	[CREATED_DT] [datetime] NOT NULL,
	[CHANGED_BY] [nvarchar](25) NULL,
	[CHANGED_DT] [datetime] NULL,
	[WP_PROJECT_NAME] [varchar](100) NULL,
 CONSTRAINT [PK_TB_R_WP_HEADER_1] PRIMARY KEY CLUSTERED 
(
	[ID] ASC
)WITH (PAD_INDEX = OFF, STATISTICS_NORECOMPUTE = OFF, IGNORE_DUP_KEY = OFF, ALLOW_ROW_LOCKS = ON, ALLOW_PAGE_LOCKS = ON) ON [PRIMARY]
) ON [PRIMARY]

GO
SET ANSI_PADDING OFF
GO
/****** Object:  Table [dbo].[TB_R_WP_HEADER_2]    Script Date: 6/4/2020 01:02:01 PM ******/
SET ANSI_NULLS ON
GO
SET QUOTED_IDENTIFIER ON
GO
SET ANSI_PADDING ON
GO
CREATE TABLE [dbo].[TB_R_WP_HEADER_2](
	[ID_TB_R_WP_HEADR] [varchar](50) NOT NULL,
	[ID_TB_M_JOB] [varchar](50) NULL,
	[NO_WP] [varchar](50) NULL,
	[WP_DATE] [datetime] NULL,
	[WP_DURATION] [int] NULL,
	[WP_OWNER] [varchar](50) NULL,
	[WP_DIVISION] [varchar](50) NULL,
	[WP_TIME] [datetime] NULL,
	[STATUS] [smallint] NULL,
	[CREATE_BY] [varchar](50) NULL,
	[CREATE_DT] [datetime] NULL,
	[UPDATE_BY] [varchar](50) NULL,
	[UPDATE_DT] [datetime] NULL,
	[ID_TB_M_EMPLOYEE] [varchar](50) NULL,
 CONSTRAINT [PK_TB_R_WP_HEADER] PRIMARY KEY CLUSTERED 
(
	[ID_TB_R_WP_HEADR] ASC
)WITH (PAD_INDEX = OFF, STATISTICS_NORECOMPUTE = OFF, IGNORE_DUP_KEY = OFF, ALLOW_ROW_LOCKS = ON, ALLOW_PAGE_LOCKS = ON) ON [PRIMARY]
) ON [PRIMARY]

GO
SET ANSI_PADDING OFF
GO
/****** Object:  Table [dbo].[TB_R_WP_HEADER_FIRST_IDENT]    Script Date: 6/4/2020 01:02:01 PM ******/
SET ANSI_NULLS ON
GO
SET QUOTED_IDENTIFIER ON
GO
SET ANSI_PADDING ON
GO
CREATE TABLE [dbo].[TB_R_WP_HEADER_FIRST_IDENT](
	[ID_TB_R_WP_HEADER_FIRST_IDENT] [varchar](50) NOT NULL,
	[ID_TB_R_WP_HEADER] [varchar](50) NULL,
	[ID_TB_R_HENKANTEN_SAFETY] [varchar](50) NULL,
	[ID_TB_R_HENKANTEN_ENV] [varchar](50) NULL,
	[IDENT_HAZARD_POTENTIAL_NAME] [varchar](100) NULL,
	[IDENT_ENVI_IMPACT] [varchar](50) NULL,
	[PREVENTIVE_MEASURE] [varchar](100) NULL,
	[PIC] [varchar](50) NULL,
	[SEQ_NUMBER] [int] NULL,
	[STATUS] [smallint] NULL,
	[CREATE_BY] [varchar](50) NULL,
	[CREATE_DT] [datetime] NULL,
	[UPDATE_BY] [varchar](50) NULL,
	[UPDATE_DT] [datetime] NULL,
 CONSTRAINT [PK_TB_R_WP_HEADER_FIRST_IDENT] PRIMARY KEY CLUSTERED 
(
	[ID_TB_R_WP_HEADER_FIRST_IDENT] ASC
)WITH (PAD_INDEX = OFF, STATISTICS_NORECOMPUTE = OFF, IGNORE_DUP_KEY = OFF, ALLOW_ROW_LOCKS = ON, ALLOW_PAGE_LOCKS = ON) ON [PRIMARY]
) ON [PRIMARY]

GO
SET ANSI_PADDING OFF
GO
/****** Object:  Table [dbo].[TB_R_WP_HEADER_HENKANTEN_DETAIL]    Script Date: 6/4/2020 01:02:01 PM ******/
SET ANSI_NULLS ON
GO
SET QUOTED_IDENTIFIER ON
GO
SET ANSI_PADDING ON
GO
CREATE TABLE [dbo].[TB_R_WP_HEADER_HENKANTEN_DETAIL](
	[ID_TB_R_WP_HEADER_HENKANTEN_SAFETY_DETAIL] [varchar](50) NULL,
	[ID_TB_R_WP_HEADER_HENKANTEN_SAFETY] [varchar](50) NULL,
	[SEQ_NO] [int] NULL,
	[DT] [datetime] NULL,
	[PLANT_DT] [datetime] NULL,
	[ACTUAL_DT] [datetime] NULL,
	[DETAIL_CHANGE] [varchar](30) NULL,
	[CHECK_CONFIRM] [varchar](10) NULL,
	[CREATE_BY] [varchar](50) NULL,
	[CREATE_DT] [datetime] NULL,
	[UPDATE_BY] [varchar](50) NULL,
	[UPDATE_DT] [datetime] NULL,
	[STATUS] [smallint] NULL
) ON [PRIMARY]

GO
SET ANSI_PADDING OFF
GO
/****** Object:  Table [dbo].[TB_R_WP_HEADER_HENKANTEN_DETAIL_ITEM]    Script Date: 6/4/2020 01:02:01 PM ******/
SET ANSI_NULLS ON
GO
SET QUOTED_IDENTIFIER ON
GO
SET ANSI_PADDING ON
GO
CREATE TABLE [dbo].[TB_R_WP_HEADER_HENKANTEN_DETAIL_ITEM](
	[ID_TB_R_WP_HEADER_HENKANTEN_SAFETY_DETAIL_ITEM] [varchar](50) NOT NULL,
	[ID_TB_R_WP_HEADER_HENKANTEN_SAFETY_DETAIL] [varchar](50) NULL,
	[ID_TB_M_HENKANTEN_ITEM] [varchar](50) NULL,
	[CREATE_BY] [varchar](50) NULL,
	[CREATE_DT] [datetime] NULL,
	[UPDATE_BY] [varchar](50) NULL,
	[UPDATE_DT] [datetime] NULL,
	[HEADER_HENKANTEN_DETAIL_SAFETY_ST] [smallint] NULL,
 CONSTRAINT [PK_TB_R_WP_HEADER_HENKANTEN_DE] PRIMARY KEY CLUSTERED 
(
	[ID_TB_R_WP_HEADER_HENKANTEN_SAFETY_DETAIL_ITEM] ASC
)WITH (PAD_INDEX = OFF, STATISTICS_NORECOMPUTE = OFF, IGNORE_DUP_KEY = OFF, ALLOW_ROW_LOCKS = ON, ALLOW_PAGE_LOCKS = ON) ON [PRIMARY]
) ON [PRIMARY]

GO
SET ANSI_PADDING OFF
GO
/****** Object:  Table [dbo].[TB_R_WP_HEADER_TYPE_WORKING]    Script Date: 6/4/2020 01:02:01 PM ******/
SET ANSI_NULLS ON
GO
SET QUOTED_IDENTIFIER ON
GO
SET ANSI_PADDING ON
GO
CREATE TABLE [dbo].[TB_R_WP_HEADER_TYPE_WORKING](
	[ID_TB_R_WP_HEADER_TYPE_WORKING] [varchar](50) NOT NULL,
	[ID_TB_R_WP_HEADER] [varchar](50) NULL,
	[ID_TB_M_TYPE_WORKING] [varchar](50) NULL,
	[DANGER_LEVEL] [char](1) NULL,
	[DATE] [datetime] NULL,
	[STOP_SIX_CATEGORY] [char](1) NULL,
	[STATUS] [smallint] NULL,
	[CREATE_BY] [varchar](50) NULL,
	[CREATE_DT] [datetime] NULL,
	[UPDATE_BY] [varchar](50) NULL,
	[UPDATE_DT] [datetime] NULL,
 CONSTRAINT [PK_TB_R_WP_HEADER_TYPE_WORKING] PRIMARY KEY CLUSTERED 
(
	[ID_TB_R_WP_HEADER_TYPE_WORKING] ASC
)WITH (PAD_INDEX = OFF, STATISTICS_NORECOMPUTE = OFF, IGNORE_DUP_KEY = OFF, ALLOW_ROW_LOCKS = ON, ALLOW_PAGE_LOCKS = ON) ON [PRIMARY]
) ON [PRIMARY]

GO
SET ANSI_PADDING OFF
GO
/****** Object:  Table [dbo].[TB_R_WP_HENKANTEN_SAFETY]    Script Date: 6/4/2020 01:02:01 PM ******/
SET ANSI_NULLS ON
GO
SET QUOTED_IDENTIFIER ON
GO
SET ANSI_PADDING ON
GO
CREATE TABLE [dbo].[TB_R_WP_HENKANTEN_SAFETY](
	[ID_TB_R_HENKANTEN_SAFETY] [varchar](50) NOT NULL,
	[ID_TB_R_WP_HEADER] [varchar](50) NULL,
	[TYPE] [varchar](30) NULL,
	[CREATE_BY] [varchar](50) NULL,
	[CREATE_DT] [datetime] NULL,
	[UPDATE_BY] [varchar](50) NULL,
	[UPDATE_DT] [datetime] NULL,
	[STATUS] [smallint] NULL,
 CONSTRAINT [PK_TB_R_WP_HEADER_HENKANTEN] PRIMARY KEY CLUSTERED 
(
	[ID_TB_R_HENKANTEN_SAFETY] ASC
)WITH (PAD_INDEX = OFF, STATISTICS_NORECOMPUTE = OFF, IGNORE_DUP_KEY = OFF, ALLOW_ROW_LOCKS = ON, ALLOW_PAGE_LOCKS = ON) ON [PRIMARY]
) ON [PRIMARY]

GO
SET ANSI_PADDING OFF
GO
/****** Object:  Table [dbo].[TB_R_WP_PROJECT]    Script Date: 6/4/2020 01:02:01 PM ******/
SET ANSI_NULLS ON
GO
SET QUOTED_IDENTIFIER ON
GO
SET ANSI_PADDING ON
GO
CREATE TABLE [dbo].[TB_R_WP_PROJECT](
	[ID] [int] IDENTITY(1,1) NOT NULL,
	[PROJECT_CODE] [varchar](20) NOT NULL,
	[PROJECT_NAME] [nvarchar](50) NOT NULL,
	[ID_TB_M_AREA] [int] NOT NULL,
	[ID_TB_M_LOCATION] [int] NOT NULL,
	[DEP_OR_DIV_CODE] [varchar](30) NOT NULL,
	[IMPLEMENT_DATE_FROM] [datetime] NOT NULL,
	[IMPLEMENT_DATE_TO] [datetime] NOT NULL,
	[WORKING_STATUS] [bit] NOT NULL,
	[WORKING_NOTES] [varchar](255) NULL,
	[PROJECT_STATUS] [varchar](20) NOT NULL,
	[CREATED_BY] [nvarchar](25) NOT NULL,
	[CREATED_DT] [datetime] NOT NULL,
	[CHANGED_BY] [nvarchar](25) NULL,
	[CHANGED_DT] [datetime] NULL,
 CONSTRAINT [PK_TB_R_WP_PROJECT] PRIMARY KEY CLUSTERED 
(
	[ID] ASC
)WITH (PAD_INDEX = OFF, STATISTICS_NORECOMPUTE = OFF, IGNORE_DUP_KEY = OFF, ALLOW_ROW_LOCKS = ON, ALLOW_PAGE_LOCKS = ON) ON [PRIMARY]
) ON [PRIMARY]

GO
SET ANSI_PADDING OFF
GO
/****** Object:  Table [dbo].[TB_R_WP_PROJECT_JOB]    Script Date: 6/4/2020 01:02:01 PM ******/
SET ANSI_NULLS ON
GO
SET QUOTED_IDENTIFIER ON
GO
SET ANSI_PADDING ON
GO
CREATE TABLE [dbo].[TB_R_WP_PROJECT_JOB](
	[ID] [int] IDENTITY(1,1) NOT NULL,
	[WP_PROJECT_ID] [int] NOT NULL,
	[JOB_NAME] [nvarchar](50) NOT NULL,
	[WP_IMPB_NO] [nvarchar](20) NULL,
	[JOB_STATUS] [varchar](20) NULL,
	[CREATED_BY] [nvarchar](25) NOT NULL,
	[CREATED_DT] [datetime] NOT NULL,
	[CHANGED_BY] [nvarchar](25) NULL,
	[CHANGED_DT] [datetime] NULL,
 CONSTRAINT [PK_TB_R_WP_PROJECT_JOB] PRIMARY KEY CLUSTERED 
(
	[ID] ASC
)WITH (PAD_INDEX = OFF, STATISTICS_NORECOMPUTE = OFF, IGNORE_DUP_KEY = OFF, ALLOW_ROW_LOCKS = ON, ALLOW_PAGE_LOCKS = ON) ON [PRIMARY]
) ON [PRIMARY]

GO
SET ANSI_PADDING OFF
GO
/****** Object:  Table [dbo].[TB_R_WP_SECURITY_CHECK]    Script Date: 6/4/2020 01:02:01 PM ******/
SET ANSI_NULLS ON
GO
SET QUOTED_IDENTIFIER ON
GO
CREATE TABLE [dbo].[TB_R_WP_SECURITY_CHECK](
	[ID_TB_R_WP_SECURITY_CHECK] [int] IDENTITY(1,1) NOT NULL,
	[WP_PROJECT_ID] [int] NULL,
	[ID_TB_M_EMPLOYEE] [int] NULL,
	[ID_SECURITY_EMPLOYEE_CHECK_IN] [int] NULL,
	[ID_SECURITY_EMPLOYEE_CHECK_OUT] [int] NULL,
	[DATE] [date] NULL,
	[CHECK_IN] [datetime] NULL,
	[CHECK_OUT] [datetime] NULL,
 CONSTRAINT [PK_TB_R_SECURITY_CHECK] PRIMARY KEY CLUSTERED 
(
	[ID_TB_R_WP_SECURITY_CHECK] ASC
)WITH (PAD_INDEX = OFF, STATISTICS_NORECOMPUTE = OFF, IGNORE_DUP_KEY = OFF, ALLOW_ROW_LOCKS = ON, ALLOW_PAGE_LOCKS = ON) ON [PRIMARY]
) ON [PRIMARY]

GO
/****** Object:  View [dbo].[VW_PROJECT_JOB]    Script Date: 6/4/2020 01:02:01 PM ******/
SET ANSI_NULLS ON
GO
SET QUOTED_IDENTIFIER ON
GO


CREATE VIEW [dbo].[VW_PROJECT_JOB]
AS
	SELECT	job.ID,
			job.WP_PROJECT_ID,
			job.JOB_NAME,
			job.WP_IMPB_NO,
			CASE ISNULL(job.JOB_STATUS,'') WHEN '' THEN 'Not Yet' ELSE job.JOB_STATUS END AS JOB_STATUS,
			prj.PROJECT_CODE,
			prj.PROJECT_NAME,
			prj.ID_TB_M_AREA,
			area.AREA_NAME,
			prj.ID_TB_M_LOCATION,
			loc.LOC_NAME,
			prj.DEP_OR_DIV_CODE,
			prj.IMPLEMENT_DATE_FROM,
			prj.IMPLEMENT_DATE_TO,
			REPLACE(CONVERT(CHAR(11), prj.IMPLEMENT_DATE_FROM, 106),' ','-') AS IMPLEMENT_DATE_FROM_DISP,
			REPLACE(CONVERT(CHAR(11), prj.IMPLEMENT_DATE_TO, 106),' ','-') AS IMPLEMENT_DATE_TO_DISP,
			CASE WHEN WORKING_STATUS = '1' THEN 'New' ELSE 'Extend' END WORKING_STATUS_DESC,
			prj.WORKING_STATUS,
			prj.WORKING_NOTES,
			prj.PROJECT_STATUS,
			imp.EXECUTOR,
			CASE 
				WHEN imp.EXECUTOR = 1 THEN 'TMMIN' 
				ELSE 'CONTRACTOR' 
			END AS EXECUTOR_DESC,
			imp.ID_TB_M_COMPANY,
			com.COMPANY_NAME,
			imp.EMPLOYEE_LEAD_PROJECT,
			lead.FIRST_NAME +' '+ lead.LAST_NAME as LEADER_NAME,
			imp.EMPLOYEE_SUPERVISOR_PROJECT,
			spv.FIRST_NAME +' '+ spv.LAST_NAME as SUPERVISOR_NAME,
			job.CREATED_BY,
			job.CREATED_DT,
			job.CHANGED_BY,
			job.CHANGED_DT 
	FROM dbo.TB_R_WP_PROJECT_JOB job	
	INNER JOIN dbo.TB_R_WP_PROJECT prj ON job.WP_PROJECT_ID = prj.ID
	INNER JOIN dbo.TB_M_AREA area ON area.ID_TB_M_AREA = prj.ID_TB_M_AREA
	INNER JOIN dbo.TB_M_LOCATION loc ON loc.ID_TB_M_LOCATION = prj.ID_TB_M_LOCATION
	INNER JOIN dbo.TB_M_SYSTEM div ON div.SYSTEM_ID = 'WP_DIV' AND div.SYSTEM_VALUE_TXT = prj.DEP_OR_DIV_CODE
	LEFT JOIN dbo.TB_R_WP_DETAIL_IMPLEMENTOR imp ON imp.WP_PROJECT_JOB_ID = job.ID
	LEFT JOIN dbo.TB_M_COMPANY com on com.ID_TB_M_COMPANY = imp.ID_TB_M_COMPANY
	LEFT JOIN dbo.TB_M_EMPLOYEE lead on lead.ID_TB_M_EMPLOYEE = imp.EMPLOYEE_LEAD_PROJECT
	LEFT JOIN dbo.TB_M_EMPLOYEE spv on spv.ID_TB_M_EMPLOYEE = imp.EMPLOYEE_SUPERVISOR_PROJECT
	WHERE prj.PROJECT_STATUS = 'SUBMITED'
	

GO
/****** Object:  View [dbo].[VW_PROJECT_REGISTRATION]    Script Date: 6/4/2020 01:02:01 PM ******/
SET ANSI_NULLS ON
GO
SET QUOTED_IDENTIFIER ON
GO

CREATE VIEW [dbo].[VW_PROJECT_REGISTRATION]
AS
	SELECT	prj.ID,
			prj.PROJECT_CODE,
			prj.PROJECT_NAME,
			prj.ID_TB_M_AREA,
			area.AREA_NAME,
			prj.ID_TB_M_LOCATION,
			loc.LOC_NAME,
			prj.DEP_OR_DIV_CODE,
			prj.IMPLEMENT_DATE_FROM,
			prj.IMPLEMENT_DATE_TO,
			REPLACE(CONVERT(CHAR(11), prj.IMPLEMENT_DATE_FROM, 106),' ','-') AS IMPLEMENT_DATE_FROM_DISP,
			REPLACE(CONVERT(CHAR(11), prj.IMPLEMENT_DATE_TO, 106),' ','-') AS IMPLEMENT_DATE_TO_DISP,
			CASE WHEN WORKING_STATUS = '1' THEN 'New' ELSE 'Extend' END WORKING_STATUS_DESC,
			prj.WORKING_STATUS,
			prj.WORKING_NOTES,
			prj.PROJECT_STATUS,
			prj.CREATED_BY,
			prj.CREATED_DT,
			prj.CHANGED_BY,
			prj.CHANGED_DT 
	FROM	dbo.TB_R_WP_PROJECT prj
	INNER JOIN dbo.TB_M_AREA area ON area.ID_TB_M_AREA = prj.ID_TB_M_AREA
	INNER JOIN dbo.TB_M_LOCATION loc ON loc.ID_TB_M_LOCATION = prj.ID_TB_M_LOCATION
	INNER JOIN dbo.TB_M_SYSTEM div ON div.SYSTEM_ID = 'WP_DIV' AND div.SYSTEM_VALUE_TXT = prj.DEP_OR_DIV_CODE
	WHERE prj.PROJECT_STATUS <> 'DELETED'


GO
SET IDENTITY_INSERT [dbo].[TB_M_AREA] ON 

INSERT [dbo].[TB_M_AREA] ([ID_TB_M_AREA], [AREA_CD], [AREA_NAME], [AREA_ST], [IMAGE_PATH], [CREATE_BY], [CREATE_DT], [UPDATE_BY], [UPDATE_DT], [IS_DELETED]) VALUES (5, N'KRW1', N'Plant 1 & 2 Karawang', 1, NULL, N'Admin', CAST(0x0000ABAC010094A6 AS DateTime), N'Admin', CAST(0x0000ABCE00DE4701 AS DateTime), 0)
INSERT [dbo].[TB_M_AREA] ([ID_TB_M_AREA], [AREA_CD], [AREA_NAME], [AREA_ST], [IMAGE_PATH], [CREATE_BY], [CREATE_DT], [UPDATE_BY], [UPDATE_DT], [IS_DELETED]) VALUES (6, N'KRW3', N'Plant 3 Karawang', 1, NULL, N'Admin', CAST(0x0000ABAC0101B01F AS DateTime), N'Admin', CAST(0x0000ABAD017B3FE3 AS DateTime), 0)
INSERT [dbo].[TB_M_AREA] ([ID_TB_M_AREA], [AREA_CD], [AREA_NAME], [AREA_ST], [IMAGE_PATH], [CREATE_BY], [CREATE_DT], [UPDATE_BY], [UPDATE_DT], [IS_DELETED]) VALUES (7, N'STR1_EG', N'Engine Plant Sunter 1', 1, NULL, N'Admin', CAST(0x0000ABAC01051DF2 AS DateTime), N'Admin', CAST(0x0000ABC000ED37E1 AS DateTime), 0)
INSERT [dbo].[TB_M_AREA] ([ID_TB_M_AREA], [AREA_CD], [AREA_NAME], [AREA_ST], [IMAGE_PATH], [CREATE_BY], [CREATE_DT], [UPDATE_BY], [UPDATE_DT], [IS_DELETED]) VALUES (8, N'STR1_P', N'Packing Plant Sunter 1', 1, NULL, N'Admin', CAST(0x0000ABAC01053C15 AS DateTime), N'Admin', CAST(0x0000ABC000ED50FA AS DateTime), 0)
INSERT [dbo].[TB_M_AREA] ([ID_TB_M_AREA], [AREA_CD], [AREA_NAME], [AREA_ST], [IMAGE_PATH], [CREATE_BY], [CREATE_DT], [UPDATE_BY], [UPDATE_DT], [IS_DELETED]) VALUES (10, N'HO', N'Head Office Sunter', 1, NULL, N'Admin', CAST(0x0000ABAD017CB488 AS DateTime), N'Admin', CAST(0x0000ABAD017CB488 AS DateTime), 0)
INSERT [dbo].[TB_M_AREA] ([ID_TB_M_AREA], [AREA_CD], [AREA_NAME], [AREA_ST], [IMAGE_PATH], [CREATE_BY], [CREATE_DT], [UPDATE_BY], [UPDATE_DT], [IS_DELETED]) VALUES (11, N'STR2_P', N'Packing Plant Sunter 2', 1, NULL, N'Admin', CAST(0x0000ABAD017CDC9D AS DateTime), N'Admin', CAST(0x0000ABCC015265DC AS DateTime), 0)
INSERT [dbo].[TB_M_AREA] ([ID_TB_M_AREA], [AREA_CD], [AREA_NAME], [AREA_ST], [IMAGE_PATH], [CREATE_BY], [CREATE_DT], [UPDATE_BY], [UPDATE_DT], [IS_DELETED]) VALUES (12, N'STR2_CST', N'Casting Plant Sunter 2', 1, NULL, N'Admin', CAST(0x0000ABAD017D6EAB AS DateTime), N'Admin', CAST(0x0000ABC000ED5CD0 AS DateTime), 0)
INSERT [dbo].[TB_M_AREA] ([ID_TB_M_AREA], [AREA_CD], [AREA_NAME], [AREA_ST], [IMAGE_PATH], [CREATE_BY], [CREATE_DT], [UPDATE_BY], [UPDATE_DT], [IS_DELETED]) VALUES (18, N'ZXC', N'ZXC', 1, NULL, N'Admin', CAST(0x0000ABC00166335B AS DateTime), N'Admin', CAST(0x0000ABC00166335B AS DateTime), 1)
INSERT [dbo].[TB_M_AREA] ([ID_TB_M_AREA], [AREA_CD], [AREA_NAME], [AREA_ST], [IMAGE_PATH], [CREATE_BY], [CREATE_DT], [UPDATE_BY], [UPDATE_DT], [IS_DELETED]) VALUES (19, N'asd', N'asd', 1, NULL, N'Admin', CAST(0x0000ABC90007F2B6 AS DateTime), N'Admin', CAST(0x0000ABC90007F2B6 AS DateTime), 1)
INSERT [dbo].[TB_M_AREA] ([ID_TB_M_AREA], [AREA_CD], [AREA_NAME], [AREA_ST], [IMAGE_PATH], [CREATE_BY], [CREATE_DT], [UPDATE_BY], [UPDATE_DT], [IS_DELETED]) VALUES (20, N'aaa', N'aaa', 1, NULL, N'Admin', CAST(0x0000ABC900083184 AS DateTime), N'Admin', CAST(0x0000ABC900083184 AS DateTime), 1)
INSERT [dbo].[TB_M_AREA] ([ID_TB_M_AREA], [AREA_CD], [AREA_NAME], [AREA_ST], [IMAGE_PATH], [CREATE_BY], [CREATE_DT], [UPDATE_BY], [UPDATE_DT], [IS_DELETED]) VALUES (21, N'bbb', N'bbb', 1, NULL, N'Admin', CAST(0x0000ABC900083EF8 AS DateTime), N'Admin', CAST(0x0000ABC900083EF8 AS DateTime), 1)
INSERT [dbo].[TB_M_AREA] ([ID_TB_M_AREA], [AREA_CD], [AREA_NAME], [AREA_ST], [IMAGE_PATH], [CREATE_BY], [CREATE_DT], [UPDATE_BY], [UPDATE_DT], [IS_DELETED]) VALUES (22, N'aaaaa', N'aaaaa', 1, NULL, N'Admin', CAST(0x0000ABCA000F118B AS DateTime), N'Admin', CAST(0x0000ABCA000F118B AS DateTime), 1)
INSERT [dbo].[TB_M_AREA] ([ID_TB_M_AREA], [AREA_CD], [AREA_NAME], [AREA_ST], [IMAGE_PATH], [CREATE_BY], [CREATE_DT], [UPDATE_BY], [UPDATE_DT], [IS_DELETED]) VALUES (23, N'asdasd', N'asdasd', 1, NULL, N'Admin', CAST(0x0000ABCA000F36EF AS DateTime), N'Admin', CAST(0x0000ABCA000F36EF AS DateTime), 1)
INSERT [dbo].[TB_M_AREA] ([ID_TB_M_AREA], [AREA_CD], [AREA_NAME], [AREA_ST], [IMAGE_PATH], [CREATE_BY], [CREATE_DT], [UPDATE_BY], [UPDATE_DT], [IS_DELETED]) VALUES (25, N'12321321', N'12312321', 1, NULL, N'Admin', CAST(0x0000ABCA001032DA AS DateTime), N'Admin', CAST(0x0000ABCA001032DA AS DateTime), 1)
INSERT [dbo].[TB_M_AREA] ([ID_TB_M_AREA], [AREA_CD], [AREA_NAME], [AREA_ST], [IMAGE_PATH], [CREATE_BY], [CREATE_DT], [UPDATE_BY], [UPDATE_DT], [IS_DELETED]) VALUES (26, N'NNNN', N'NNNN', 1, NULL, N'Admin', CAST(0x0000ABCA0011DDF7 AS DateTime), N'Admin', CAST(0x0000ABCA0011DDF7 AS DateTime), 1)
INSERT [dbo].[TB_M_AREA] ([ID_TB_M_AREA], [AREA_CD], [AREA_NAME], [AREA_ST], [IMAGE_PATH], [CREATE_BY], [CREATE_DT], [UPDATE_BY], [UPDATE_DT], [IS_DELETED]) VALUES (28, N'1231222', N'2222', 1, NULL, N'Admin', CAST(0x0000ABCA00125CA7 AS DateTime), N'Admin', CAST(0x0000ABCA00125CA7 AS DateTime), 1)
INSERT [dbo].[TB_M_AREA] ([ID_TB_M_AREA], [AREA_CD], [AREA_NAME], [AREA_ST], [IMAGE_PATH], [CREATE_BY], [CREATE_DT], [UPDATE_BY], [UPDATE_DT], [IS_DELETED]) VALUES (29, N'ASDAD', N'QWEQWEQ', 1, NULL, N'Admin', CAST(0x0000ABCA00128EA5 AS DateTime), N'Admin', CAST(0x0000ABCA00128EA5 AS DateTime), 1)
INSERT [dbo].[TB_M_AREA] ([ID_TB_M_AREA], [AREA_CD], [AREA_NAME], [AREA_ST], [IMAGE_PATH], [CREATE_BY], [CREATE_DT], [UPDATE_BY], [UPDATE_DT], [IS_DELETED]) VALUES (30, N';LLLLLL', N'KKKKK', 1, NULL, N'Admin', CAST(0x0000ABCA00148C99 AS DateTime), N'Admin', CAST(0x0000ABCA00148C99 AS DateTime), 1)
INSERT [dbo].[TB_M_AREA] ([ID_TB_M_AREA], [AREA_CD], [AREA_NAME], [AREA_ST], [IMAGE_PATH], [CREATE_BY], [CREATE_DT], [UPDATE_BY], [UPDATE_DT], [IS_DELETED]) VALUES (31, N'HHHH', N'HHHH', 1, NULL, N'Admin', CAST(0x0000ABCA0014DB01 AS DateTime), N'Admin', CAST(0x0000ABCA0014DB01 AS DateTime), 1)
INSERT [dbo].[TB_M_AREA] ([ID_TB_M_AREA], [AREA_CD], [AREA_NAME], [AREA_ST], [IMAGE_PATH], [CREATE_BY], [CREATE_DT], [UPDATE_BY], [UPDATE_DT], [IS_DELETED]) VALUES (32, N'jjj3242', N'hahaha', 1, NULL, N'Admin', CAST(0x0000ABCC015552B4 AS DateTime), N'Admin', CAST(0x0000ABCC0155D4A7 AS DateTime), 1)
INSERT [dbo].[TB_M_AREA] ([ID_TB_M_AREA], [AREA_CD], [AREA_NAME], [AREA_ST], [IMAGE_PATH], [CREATE_BY], [CREATE_DT], [UPDATE_BY], [UPDATE_DT], [IS_DELETED]) VALUES (33, N'asdasdzxc', N'qweqwe', 1, NULL, N'Admin', CAST(0x0000ABCC01556F3A AS DateTime), N'Admin', CAST(0x0000ABCC01556F3A AS DateTime), 1)
INSERT [dbo].[TB_M_AREA] ([ID_TB_M_AREA], [AREA_CD], [AREA_NAME], [AREA_ST], [IMAGE_PATH], [CREATE_BY], [CREATE_DT], [UPDATE_BY], [UPDATE_DT], [IS_DELETED]) VALUES (34, N'qqq', N'www', 1, NULL, N'Admin', CAST(0x0000ABCC0155C818 AS DateTime), N'Admin', CAST(0x0000ABCC015D6C41 AS DateTime), 1)
INSERT [dbo].[TB_M_AREA] ([ID_TB_M_AREA], [AREA_CD], [AREA_NAME], [AREA_ST], [IMAGE_PATH], [CREATE_BY], [CREATE_DT], [UPDATE_BY], [UPDATE_DT], [IS_DELETED]) VALUES (37, N'ASDASDASD', N'ASDASDASDASDASDASDAS', 1, NULL, N'Admin', CAST(0x0000ABCD001F6F90 AS DateTime), N'Admin', CAST(0x0000ABCD001F6F90 AS DateTime), 1)
INSERT [dbo].[TB_M_AREA] ([ID_TB_M_AREA], [AREA_CD], [AREA_NAME], [AREA_ST], [IMAGE_PATH], [CREATE_BY], [CREATE_DT], [UPDATE_BY], [UPDATE_DT], [IS_DELETED]) VALUES (38, N'HH2231', N'ZXCZCXCZXC', 1, NULL, N'Admin', CAST(0x0000ABCD001FA153 AS DateTime), N'Admin', CAST(0x0000ABCD001FA153 AS DateTime), 1)
INSERT [dbo].[TB_M_AREA] ([ID_TB_M_AREA], [AREA_CD], [AREA_NAME], [AREA_ST], [IMAGE_PATH], [CREATE_BY], [CREATE_DT], [UPDATE_BY], [UPDATE_DT], [IS_DELETED]) VALUES (39, N'1', N'ZXCZCXCZXC', 1, NULL, N'Admin', CAST(0x0000ABCD001FA45F AS DateTime), N'Admin', CAST(0x0000ABCD001FA45F AS DateTime), 1)
INSERT [dbo].[TB_M_AREA] ([ID_TB_M_AREA], [AREA_CD], [AREA_NAME], [AREA_ST], [IMAGE_PATH], [CREATE_BY], [CREATE_DT], [UPDATE_BY], [UPDATE_DT], [IS_DELETED]) VALUES (41, N'ahahahah', N'hahahaha', 1, NULL, N'Admin', CAST(0x0000ABCD008F6466 AS DateTime), N'Admin', CAST(0x0000ABCD008F6466 AS DateTime), 1)
INSERT [dbo].[TB_M_AREA] ([ID_TB_M_AREA], [AREA_CD], [AREA_NAME], [AREA_ST], [IMAGE_PATH], [CREATE_BY], [CREATE_DT], [UPDATE_BY], [UPDATE_DT], [IS_DELETED]) VALUES (42, N'hahaha', N'hahah', 1, NULL, N'Admin', CAST(0x0000ABCD008FBCE6 AS DateTime), N'Admin', CAST(0x0000ABCD008FBCE6 AS DateTime), 1)
INSERT [dbo].[TB_M_AREA] ([ID_TB_M_AREA], [AREA_CD], [AREA_NAME], [AREA_ST], [IMAGE_PATH], [CREATE_BY], [CREATE_DT], [UPDATE_BY], [UPDATE_DT], [IS_DELETED]) VALUES (43, N'', N'', 1, NULL, N'Admin', CAST(0x0000ABCD008FDCC7 AS DateTime), N'Admin', CAST(0x0000ABCE0157AAA0 AS DateTime), 1)
INSERT [dbo].[TB_M_AREA] ([ID_TB_M_AREA], [AREA_CD], [AREA_NAME], [AREA_ST], [IMAGE_PATH], [CREATE_BY], [CREATE_DT], [UPDATE_BY], [UPDATE_DT], [IS_DELETED]) VALUES (48, N'sda', N'asdas', 1, NULL, N'Admin', CAST(0x0000ABCD00E13210 AS DateTime), N'Admin', CAST(0x0000ABCD00E1D6BD AS DateTime), 1)
INSERT [dbo].[TB_M_AREA] ([ID_TB_M_AREA], [AREA_CD], [AREA_NAME], [AREA_ST], [IMAGE_PATH], [CREATE_BY], [CREATE_DT], [UPDATE_BY], [UPDATE_DT], [IS_DELETED]) VALUES (49, N'tess', N'tes aja', 2, NULL, N'Admin', CAST(0x0000ABCD00E14D90 AS DateTime), N'Admin', CAST(0x0000ABCE00C4D2D1 AS DateTime), 1)
INSERT [dbo].[TB_M_AREA] ([ID_TB_M_AREA], [AREA_CD], [AREA_NAME], [AREA_ST], [IMAGE_PATH], [CREATE_BY], [CREATE_DT], [UPDATE_BY], [UPDATE_DT], [IS_DELETED]) VALUES (50, N'hh', N'hh', 1, NULL, N'Admin', CAST(0x0000ABCD00E7ABD3 AS DateTime), N'Admin', CAST(0x0000ABCD00E7ABD3 AS DateTime), 1)
INSERT [dbo].[TB_M_AREA] ([ID_TB_M_AREA], [AREA_CD], [AREA_NAME], [AREA_ST], [IMAGE_PATH], [CREATE_BY], [CREATE_DT], [UPDATE_BY], [UPDATE_DT], [IS_DELETED]) VALUES (51, N'123!@#', N'123!@~P', 2, NULL, N'Admin', CAST(0x0000ABCD00EDFC9C AS DateTime), N'Admin', CAST(0x0000ABCD00EF4542 AS DateTime), 1)
INSERT [dbo].[TB_M_AREA] ([ID_TB_M_AREA], [AREA_CD], [AREA_NAME], [AREA_ST], [IMAGE_PATH], [CREATE_BY], [CREATE_DT], [UPDATE_BY], [UPDATE_DT], [IS_DELETED]) VALUES (52, N'12', N'TEss', 0, NULL, N'Admin', CAST(0x0000ABCE00C4544A AS DateTime), N'Admin', CAST(0x0000ABCE00C4544A AS DateTime), 1)
INSERT [dbo].[TB_M_AREA] ([ID_TB_M_AREA], [AREA_CD], [AREA_NAME], [AREA_ST], [IMAGE_PATH], [CREATE_BY], [CREATE_DT], [UPDATE_BY], [UPDATE_DT], [IS_DELETED]) VALUES (53, N'qd', N'asd', 1, NULL, N'Admin', CAST(0x0000ABCE00E48080 AS DateTime), N'Admin', CAST(0x0000ABCE00E48080 AS DateTime), 1)
INSERT [dbo].[TB_M_AREA] ([ID_TB_M_AREA], [AREA_CD], [AREA_NAME], [AREA_ST], [IMAGE_PATH], [CREATE_BY], [CREATE_DT], [UPDATE_BY], [UPDATE_DT], [IS_DELETED]) VALUES (54, N'wqe', N'asd', 0, NULL, N'Admin', CAST(0x0000ABCE00E486EB AS DateTime), N'Admin', CAST(0x0000ABCE00E486EB AS DateTime), 1)
INSERT [dbo].[TB_M_AREA] ([ID_TB_M_AREA], [AREA_CD], [AREA_NAME], [AREA_ST], [IMAGE_PATH], [CREATE_BY], [CREATE_DT], [UPDATE_BY], [UPDATE_DT], [IS_DELETED]) VALUES (55, N'qwe', N'qwe', 1, NULL, N'Admin', CAST(0x0000ABCE00E4FC13 AS DateTime), N'Admin', CAST(0x0000ABCE00E4FC13 AS DateTime), 1)
INSERT [dbo].[TB_M_AREA] ([ID_TB_M_AREA], [AREA_CD], [AREA_NAME], [AREA_ST], [IMAGE_PATH], [CREATE_BY], [CREATE_DT], [UPDATE_BY], [UPDATE_DT], [IS_DELETED]) VALUES (56, N'erw', N'rtr', 2, NULL, N'Admin', CAST(0x0000ABCE00E50ECF AS DateTime), N'Admin', CAST(0x0000ABCE00E50ECF AS DateTime), 1)
INSERT [dbo].[TB_M_AREA] ([ID_TB_M_AREA], [AREA_CD], [AREA_NAME], [AREA_ST], [IMAGE_PATH], [CREATE_BY], [CREATE_DT], [UPDATE_BY], [UPDATE_DT], [IS_DELETED]) VALUES (57, N'tessssss', N'yaa', 1, NULL, N'Admin', CAST(0x0000ABCE00E54264 AS DateTime), N'Admin', CAST(0x0000ABCE00E54264 AS DateTime), 1)
INSERT [dbo].[TB_M_AREA] ([ID_TB_M_AREA], [AREA_CD], [AREA_NAME], [AREA_ST], [IMAGE_PATH], [CREATE_BY], [CREATE_DT], [UPDATE_BY], [UPDATE_DT], [IS_DELETED]) VALUES (58, N'gggg', N'ggg', 2, NULL, N'Admin', CAST(0x0000ABCE00E58089 AS DateTime), N'Admin', CAST(0x0000ABCE00E58089 AS DateTime), 1)
INSERT [dbo].[TB_M_AREA] ([ID_TB_M_AREA], [AREA_CD], [AREA_NAME], [AREA_ST], [IMAGE_PATH], [CREATE_BY], [CREATE_DT], [UPDATE_BY], [UPDATE_DT], [IS_DELETED]) VALUES (59, N'007', N'Secure', 1, NULL, N'Admin', CAST(0x0000ABCE0108F3A2 AS DateTime), N'Admin', CAST(0x0000ABCE01576736 AS DateTime), 1)
INSERT [dbo].[TB_M_AREA] ([ID_TB_M_AREA], [AREA_CD], [AREA_NAME], [AREA_ST], [IMAGE_PATH], [CREATE_BY], [CREATE_DT], [UPDATE_BY], [UPDATE_DT], [IS_DELETED]) VALUES (60, N'zzzz', N'zzzz', 1, NULL, N'Admin', CAST(0x0000ABCE01588C63 AS DateTime), N'Admin', CAST(0x0000ABCE0159098D AS DateTime), 1)
INSERT [dbo].[TB_M_AREA] ([ID_TB_M_AREA], [AREA_CD], [AREA_NAME], [AREA_ST], [IMAGE_PATH], [CREATE_BY], [CREATE_DT], [UPDATE_BY], [UPDATE_DT], [IS_DELETED]) VALUES (61, N'qwe123', N'qwe1234', 1, NULL, N'Admin', CAST(0x0000ABD000A0A475 AS DateTime), N'Admin', CAST(0x0000ABD000A0B5DB AS DateTime), 1)
SET IDENTITY_INSERT [dbo].[TB_M_AREA] OFF
SET IDENTITY_INSERT [dbo].[TB_M_AUTHORIZATION_FUNCTION] ON 

INSERT [dbo].[TB_M_AUTHORIZATION_FUNCTION] ([ID_TB_M_AUTHORIZATION_FUNCTION], [ID_MENU], [AUTHORIZATION_NAME], [AUTHORIZATION_DESC], [CREATED_BY], [CREATED_DT], [UPDATED_BY], [UPDATED_DT], [IS_DELETED]) VALUES (5, N'WP01001,WP01002,WP01003,WP01004,WP01005,WP01006,WP01007,WP02001,WP02002,WP02003,WP02004,WP02005,WP02006,WP03001,WP03002,WP03003,WP03004,WP03005,WP04001', N'Super Users', N'All Menu', N'Admin', CAST(0x0000ABC9002A2F61 AS DateTime), N'Admin', CAST(0x0000ABC90031BCCE AS DateTime), 0)
SET IDENTITY_INSERT [dbo].[TB_M_AUTHORIZATION_FUNCTION] OFF
SET IDENTITY_INSERT [dbo].[TB_M_COMPANY] ON 

INSERT [dbo].[TB_M_COMPANY] ([ID_TB_M_COMPANY], [COMPANY_CODE], [COMPANY_NAME], [COMPANY_INITIAL], [CONTACT_PERSON], [EMAIL], [ADDRESS], [PHONE], [STATUS], [CREATED_BY], [CREATED_DT], [UPDATED_BY], [UPDATED_DT], [FLAG], [IS_DELETED]) VALUES (18, N'TMMI', N'PT Toyota Motor Manufacturing Indonesia', N'TMMIN', N'BOGY', N'bogy@tmmin.com', N'Bogor', N'0217477474', 1, N'Admin', CAST(0x0000ABB701768A6D AS DateTime), N'Admin', CAST(0x0000ABB701768A6D AS DateTime), N'TMMIN', 0)
INSERT [dbo].[TB_M_COMPANY] ([ID_TB_M_COMPANY], [COMPANY_CODE], [COMPANY_NAME], [COMPANY_INITIAL], [CONTACT_PERSON], [EMAIL], [ADDRESS], [PHONE], [STATUS], [CREATED_BY], [CREATED_DT], [UPDATED_BY], [UPDATED_DT], [FLAG], [IS_DELETED]) VALUES (19, N'CTR001', N'PT INSPIRO INDONESIA', N'INSPIRO', N'TOMMY', N'tommy@gmail.com', N'Bekasi', N'02193939', 1, N'Admin', CAST(0x0000ABB70176EBB9 AS DateTime), N'Admin', CAST(0x0000ABB70176EBB9 AS DateTime), N'KONTRAKTOR', 0)
INSERT [dbo].[TB_M_COMPANY] ([ID_TB_M_COMPANY], [COMPANY_CODE], [COMPANY_NAME], [COMPANY_INITIAL], [CONTACT_PERSON], [EMAIL], [ADDRESS], [PHONE], [STATUS], [CREATED_BY], [CREATED_DT], [UPDATED_BY], [UPDATED_DT], [FLAG], [IS_DELETED]) VALUES (20, N'CTR002', N'ASIAN TECHNOLOGY INDONESIA', N'ATS', N'kuch kuch hotahe', N'kuch@gmail.com', N'', N'020404994', 1, N'Admin', CAST(0x0000ABB7017725E7 AS DateTime), N'Admin', CAST(0x0000ABB7017725E7 AS DateTime), N'KONTRAKTOR', 0)
INSERT [dbo].[TB_M_COMPANY] ([ID_TB_M_COMPANY], [COMPANY_CODE], [COMPANY_NAME], [COMPANY_INITIAL], [CONTACT_PERSON], [EMAIL], [ADDRESS], [PHONE], [STATUS], [CREATED_BY], [CREATED_DT], [UPDATED_BY], [UPDATED_DT], [FLAG], [IS_DELETED]) VALUES (21, N'zxczxc', N'zczxc', N'zxczxc', N'zxczc', N'zxc@zxczxc', N'zxczxzc', N'12312', 1, N'Admin', CAST(0x0000ABCD00ABC1F6 AS DateTime), N'Admin', CAST(0x0000ABCD00ABC1F6 AS DateTime), N'KONTRAKTOR', 1)
INSERT [dbo].[TB_M_COMPANY] ([ID_TB_M_COMPANY], [COMPANY_CODE], [COMPANY_NAME], [COMPANY_INITIAL], [CONTACT_PERSON], [EMAIL], [ADDRESS], [PHONE], [STATUS], [CREATED_BY], [CREATED_DT], [UPDATED_BY], [UPDATED_DT], [FLAG], [IS_DELETED]) VALUES (22, N'zxc', N'  asdas', N'asda', N'12312', N'asdas', N'asdasd', N'123', 1, N'Admin', CAST(0x0000ABCD00AC1CB3 AS DateTime), N'Admin', CAST(0x0000ABCD00AD595C AS DateTime), N'KONTRAKTOR', 1)
INSERT [dbo].[TB_M_COMPANY] ([ID_TB_M_COMPANY], [COMPANY_CODE], [COMPANY_NAME], [COMPANY_INITIAL], [CONTACT_PERSON], [EMAIL], [ADDRESS], [PHONE], [STATUS], [CREATED_BY], [CREATED_DT], [UPDATED_BY], [UPDATED_DT], [FLAG], [IS_DELETED]) VALUES (23, N'zxczx', N' zxczxc', N'xzczxc', N'zxczxcz', N'czxczxc@asd', N'zxczxczx', N'1231', 1, N'Admin', CAST(0x0000ABCD00ADA07F AS DateTime), N'Admin', CAST(0x0000ABCD00AEC649 AS DateTime), N'KONTRAKTOR', 1)
INSERT [dbo].[TB_M_COMPANY] ([ID_TB_M_COMPANY], [COMPANY_CODE], [COMPANY_NAME], [COMPANY_INITIAL], [CONTACT_PERSON], [EMAIL], [ADDRESS], [PHONE], [STATUS], [CREATED_BY], [CREATED_DT], [UPDATED_BY], [UPDATED_DT], [FLAG], [IS_DELETED]) VALUES (24, N'PT1', N' PT EPSON', N'EPS', N'0213432', N'blabla@gmail.com', N'Jalan', N'08782123432', 1, N'Admin', CAST(0x0000ABCD00F76D83 AS DateTime), N'Admin', CAST(0x0000ABCD00F7952A AS DateTime), N'TMMIN', 0)
INSERT [dbo].[TB_M_COMPANY] ([ID_TB_M_COMPANY], [COMPANY_CODE], [COMPANY_NAME], [COMPANY_INITIAL], [CONTACT_PERSON], [EMAIL], [ADDRESS], [PHONE], [STATUS], [CREATED_BY], [CREATED_DT], [UPDATED_BY], [UPDATED_DT], [FLAG], [IS_DELETED]) VALUES (25, N'554', N'PT Asia Sport', N'AS', N'021220', N'asia@gmail.com', N'', N'0000', 1, N'Admin', CAST(0x0000ABCE00BE8A3C AS DateTime), N'Admin', CAST(0x0000ABCE016F98AB AS DateTime), N'KONTRAKTOR', 0)
INSERT [dbo].[TB_M_COMPANY] ([ID_TB_M_COMPANY], [COMPANY_CODE], [COMPANY_NAME], [COMPANY_INITIAL], [CONTACT_PERSON], [EMAIL], [ADDRESS], [PHONE], [STATUS], [CREATED_BY], [CREATED_DT], [UPDATED_BY], [UPDATED_DT], [FLAG], [IS_DELETED]) VALUES (26, N'test', N'test', N'test', N'test', N'test@test', N'521312', N'12312', 1, N'Admin', CAST(0x0000ABCE016FBADD AS DateTime), N'Admin', CAST(0x0000ABCE016FBADD AS DateTime), N'KONTRAKTOR', 1)
SET IDENTITY_INSERT [dbo].[TB_M_COMPANY] OFF
SET IDENTITY_INSERT [dbo].[TB_M_EMPLOYEE] ON 

INSERT [dbo].[TB_M_EMPLOYEE] ([ID_TB_M_EMPLOYEE], [ID_TB_M_COMPANY], [USERNAME], [REG_NO], [PASSWORD], [PASSWORD_EXPIRATION_DATE], [PASSWORD_RESET], [ACCOUNT_VALIDITY_DATE], [EMAIL], [FIRST_NAME], [LAST_NAME], [ADDRESS], [PHONE], [IDENTITY_TYPE], [IDENTITY_NO], [PIC_STATUS], [ANZEN_SERTIFICATE_NO], [ANZEN_DT_FROM], [ANZEN_DT_TO], [SAFETY_INDUCTION_NO], [SAFETY_INDUCTION_FROM], [SAFETY_INDUCTION_TO], [SECTION], [STATUS], [CREATE_BY], [CREATE_DT], [UPDATE_BY], [UPDATE_DT], [IS_DELETED], [GENDER], [BIRTH_DATE], [SESSION_TIMEOUT], [LOCK_TIMEOUT], [IN_ACTIVE_DIRECTORY], [CHECK_IN], [ID_TB_R_WP_PROJECT]) VALUES (1, 19, N'  febe', N'NO021234', N'827ccb0eea8a706c4c34a16891f84e7b', NULL, NULL, NULL, N'febe@gmail.com', N'Febe', N'Savio', N'Jakarta', N'02833883', N'KTP', N'02102020', N'PMP', N'', CAST(0x0000000000000000 AS DateTime), CAST(0x0000000000000000 AS DateTime), N'REG1235521', CAST(0x0000000000000000 AS DateTime), CAST(0x0000000000000000 AS DateTime), N'null', 1, N'Admin', CAST(0x0000ABB80009124E AS DateTime), N'  febe', CAST(0x0000ABCE00061CC0 AS DateTime), 0, NULL, NULL, NULL, NULL, NULL, NULL, NULL)
INSERT [dbo].[TB_M_EMPLOYEE] ([ID_TB_M_EMPLOYEE], [ID_TB_M_COMPANY], [USERNAME], [REG_NO], [PASSWORD], [PASSWORD_EXPIRATION_DATE], [PASSWORD_RESET], [ACCOUNT_VALIDITY_DATE], [EMAIL], [FIRST_NAME], [LAST_NAME], [ADDRESS], [PHONE], [IDENTITY_TYPE], [IDENTITY_NO], [PIC_STATUS], [ANZEN_SERTIFICATE_NO], [ANZEN_DT_FROM], [ANZEN_DT_TO], [SAFETY_INDUCTION_NO], [SAFETY_INDUCTION_FROM], [SAFETY_INDUCTION_TO], [SECTION], [STATUS], [CREATE_BY], [CREATE_DT], [UPDATE_BY], [UPDATE_DT], [IS_DELETED], [GENDER], [BIRTH_DATE], [SESSION_TIMEOUT], [LOCK_TIMEOUT], [IN_ACTIVE_DIRECTORY], [CHECK_IN], [ID_TB_R_WP_PROJECT]) VALUES (2, 20, N'rival', N'021444', N'827ccb0eea8a706c4c34a16891f84e7b', NULL, NULL, NULL, N'rival@gmail.com', N'Rival', N'S', N'sw', N'67688888', N'SIM', N'1234455444', N'PENGAWAS', N'1212', CAST(0x0000000000000000 AS DateTime), CAST(0x0000000000000000 AS DateTime), N'', CAST(0x0000000000000000 AS DateTime), CAST(0x0000000000000000 AS DateTime), N'HRD', 1, N'Admin', CAST(0x0000ABB8000CFBB8 AS DateTime), N'rival', CAST(0x0000ABCD0071DB64 AS DateTime), 0, NULL, NULL, NULL, NULL, NULL, 2, NULL)
INSERT [dbo].[TB_M_EMPLOYEE] ([ID_TB_M_EMPLOYEE], [ID_TB_M_COMPANY], [USERNAME], [REG_NO], [PASSWORD], [PASSWORD_EXPIRATION_DATE], [PASSWORD_RESET], [ACCOUNT_VALIDITY_DATE], [EMAIL], [FIRST_NAME], [LAST_NAME], [ADDRESS], [PHONE], [IDENTITY_TYPE], [IDENTITY_NO], [PIC_STATUS], [ANZEN_SERTIFICATE_NO], [ANZEN_DT_FROM], [ANZEN_DT_TO], [SAFETY_INDUCTION_NO], [SAFETY_INDUCTION_FROM], [SAFETY_INDUCTION_TO], [SECTION], [STATUS], [CREATE_BY], [CREATE_DT], [UPDATE_BY], [UPDATE_DT], [IS_DELETED], [GENDER], [BIRTH_DATE], [SESSION_TIMEOUT], [LOCK_TIMEOUT], [IN_ACTIVE_DIRECTORY], [CHECK_IN], [ID_TB_R_WP_PROJECT]) VALUES (3, 18, N'Kethuzuad', N'000001', N'827ccb0eea8a706c4c34a16891f84e7b', NULL, NULL, NULL, N'kel@gmail.com', N'Lich', N'King', N'Frozen Throne', N'1234 5678 9111', N'KTP', N'012392103912039', N'PENGAWAS', N'0000000000000111', CAST(0x0000AB7100A20B34 AS DateTime), CAST(0x0000B16E00A216EC AS DateTime), N'000001', CAST(0x0000AB9000A22AD8 AS DateTime), CAST(0x0000ABCB00A23438 AS DateTime), N'IT DIVISION', 0, NULL, NULL, NULL, NULL, 0, NULL, NULL, NULL, NULL, NULL, NULL, NULL)
INSERT [dbo].[TB_M_EMPLOYEE] ([ID_TB_M_EMPLOYEE], [ID_TB_M_COMPANY], [USERNAME], [REG_NO], [PASSWORD], [PASSWORD_EXPIRATION_DATE], [PASSWORD_RESET], [ACCOUNT_VALIDITY_DATE], [EMAIL], [FIRST_NAME], [LAST_NAME], [ADDRESS], [PHONE], [IDENTITY_TYPE], [IDENTITY_NO], [PIC_STATUS], [ANZEN_SERTIFICATE_NO], [ANZEN_DT_FROM], [ANZEN_DT_TO], [SAFETY_INDUCTION_NO], [SAFETY_INDUCTION_FROM], [SAFETY_INDUCTION_TO], [SECTION], [STATUS], [CREATE_BY], [CREATE_DT], [UPDATE_BY], [UPDATE_DT], [IS_DELETED], [GENDER], [BIRTH_DATE], [SESSION_TIMEOUT], [LOCK_TIMEOUT], [IN_ACTIVE_DIRECTORY], [CHECK_IN], [ID_TB_R_WP_PROJECT]) VALUES (5, 18, N'ASDASD', N'123123', N'827ccb0eea8a706c4c34a16891f84e7b', NULL, NULL, NULL, N'A@A.COM', N'ASDASD', N'ASDASD', N'SADSAD', N'1231231231231', N'KTP', N'123123123123', N'PIMPINAN', N'1273612897368127', NULL, NULL, NULL, NULL, NULL, NULL, 0, NULL, NULL, NULL, NULL, 0, NULL, NULL, NULL, NULL, NULL, NULL, NULL)
INSERT [dbo].[TB_M_EMPLOYEE] ([ID_TB_M_EMPLOYEE], [ID_TB_M_COMPANY], [USERNAME], [REG_NO], [PASSWORD], [PASSWORD_EXPIRATION_DATE], [PASSWORD_RESET], [ACCOUNT_VALIDITY_DATE], [EMAIL], [FIRST_NAME], [LAST_NAME], [ADDRESS], [PHONE], [IDENTITY_TYPE], [IDENTITY_NO], [PIC_STATUS], [ANZEN_SERTIFICATE_NO], [ANZEN_DT_FROM], [ANZEN_DT_TO], [SAFETY_INDUCTION_NO], [SAFETY_INDUCTION_FROM], [SAFETY_INDUCTION_TO], [SECTION], [STATUS], [CREATE_BY], [CREATE_DT], [UPDATE_BY], [UPDATE_DT], [IS_DELETED], [GENDER], [BIRTH_DATE], [SESSION_TIMEOUT], [LOCK_TIMEOUT], [IN_ACTIVE_DIRECTORY], [CHECK_IN], [ID_TB_R_WP_PROJECT]) VALUES (6, 19, N'Kams', N'123', N'827ccb0eea8a706c4c34a16891f84e7b', NULL, NULL, NULL, N'A@A.COM', N'k', N'SUT', N'SADASD', N'123123', N'ktp', N'12313', N'PIC', N'A123123123', NULL, NULL, NULL, NULL, NULL, NULL, 0, NULL, NULL, NULL, NULL, 0, NULL, NULL, NULL, NULL, NULL, NULL, NULL)
INSERT [dbo].[TB_M_EMPLOYEE] ([ID_TB_M_EMPLOYEE], [ID_TB_M_COMPANY], [USERNAME], [REG_NO], [PASSWORD], [PASSWORD_EXPIRATION_DATE], [PASSWORD_RESET], [ACCOUNT_VALIDITY_DATE], [EMAIL], [FIRST_NAME], [LAST_NAME], [ADDRESS], [PHONE], [IDENTITY_TYPE], [IDENTITY_NO], [PIC_STATUS], [ANZEN_SERTIFICATE_NO], [ANZEN_DT_FROM], [ANZEN_DT_TO], [SAFETY_INDUCTION_NO], [SAFETY_INDUCTION_FROM], [SAFETY_INDUCTION_TO], [SECTION], [STATUS], [CREATE_BY], [CREATE_DT], [UPDATE_BY], [UPDATE_DT], [IS_DELETED], [GENDER], [BIRTH_DATE], [SESSION_TIMEOUT], [LOCK_TIMEOUT], [IN_ACTIVE_DIRECTORY], [CHECK_IN], [ID_TB_R_WP_PROJECT]) VALUES (7, 18, N' Nura', N'z01', N'password', NULL, NULL, NULL, N'adenurads@gmail.com', N'RA', N'Nura', N'zxczxc', N'089685766913', N'KTP', N'zxczxc', N'PMP', N'', CAST(0x0000000000000000 AS DateTime), CAST(0x0000000000000000 AS DateTime), N'', CAST(0x0000000000000000 AS DateTime), CAST(0x0000000000000000 AS DateTime), N'HRD', 1, N'Admin', CAST(0x0000ABB9017D3370 AS DateTime), N' Nura', CAST(0x0000ABCD0163886E AS DateTime), 0, NULL, NULL, NULL, NULL, NULL, NULL, NULL)
INSERT [dbo].[TB_M_EMPLOYEE] ([ID_TB_M_EMPLOYEE], [ID_TB_M_COMPANY], [USERNAME], [REG_NO], [PASSWORD], [PASSWORD_EXPIRATION_DATE], [PASSWORD_RESET], [ACCOUNT_VALIDITY_DATE], [EMAIL], [FIRST_NAME], [LAST_NAME], [ADDRESS], [PHONE], [IDENTITY_TYPE], [IDENTITY_NO], [PIC_STATUS], [ANZEN_SERTIFICATE_NO], [ANZEN_DT_FROM], [ANZEN_DT_TO], [SAFETY_INDUCTION_NO], [SAFETY_INDUCTION_FROM], [SAFETY_INDUCTION_TO], [SECTION], [STATUS], [CREATE_BY], [CREATE_DT], [UPDATE_BY], [UPDATE_DT], [IS_DELETED], [GENDER], [BIRTH_DATE], [SESSION_TIMEOUT], [LOCK_TIMEOUT], [IN_ACTIVE_DIRECTORY], [CHECK_IN], [ID_TB_R_WP_PROJECT]) VALUES (8, NULL, N'abdul', N'1111', N'428a78b4fee47253898d7918c0a09160', NULL, NULL, NULL, N'abdul@wp.com', N'ADBUL', N'JABAR', N'jarkarta', N'1111', N'KTP', N'321111', N'MEMBER', N'', CAST(0x0000000000000000 AS DateTime), CAST(0x0000000000000000 AS DateTime), N'SIN11', CAST(0x0000ABBE00B84BB0 AS DateTime), CAST(0x0000ABC000B84BB0 AS DateTime), N'GENERAL', NULL, N'Admin', CAST(0x0000ABBE00845994 AS DateTime), N'Admin', CAST(0x0000ABBE00845994 AS DateTime), 1, NULL, NULL, NULL, NULL, NULL, NULL, NULL)
INSERT [dbo].[TB_M_EMPLOYEE] ([ID_TB_M_EMPLOYEE], [ID_TB_M_COMPANY], [USERNAME], [REG_NO], [PASSWORD], [PASSWORD_EXPIRATION_DATE], [PASSWORD_RESET], [ACCOUNT_VALIDITY_DATE], [EMAIL], [FIRST_NAME], [LAST_NAME], [ADDRESS], [PHONE], [IDENTITY_TYPE], [IDENTITY_NO], [PIC_STATUS], [ANZEN_SERTIFICATE_NO], [ANZEN_DT_FROM], [ANZEN_DT_TO], [SAFETY_INDUCTION_NO], [SAFETY_INDUCTION_FROM], [SAFETY_INDUCTION_TO], [SECTION], [STATUS], [CREATE_BY], [CREATE_DT], [UPDATE_BY], [UPDATE_DT], [IS_DELETED], [GENDER], [BIRTH_DATE], [SESSION_TIMEOUT], [LOCK_TIMEOUT], [IN_ACTIVE_DIRECTORY], [CHECK_IN], [ID_TB_R_WP_PROJECT]) VALUES (9, NULL, N'ahmad', N'2222', N'8de13959395270bf9d6819f818ab1a00', NULL, NULL, NULL, N'ahmad@wp.com', N'AHMAD', N'JATIM', N'bekasi', N'2222', N'KTP', N'322222', N'MEMBER', N'', CAST(0x0000000000000000 AS DateTime), CAST(0x0000000000000000 AS DateTime), N'SIN22', CAST(0x0000ABBF00ECC160 AS DateTime), CAST(0x0000ABC200ECC160 AS DateTime), N'GENERAL', NULL, N'Admin', CAST(0x0000ABBE0089DCEA AS DateTime), N'Admin', CAST(0x0000ABBE0089DCEA AS DateTime), 1, NULL, NULL, NULL, NULL, NULL, NULL, NULL)
INSERT [dbo].[TB_M_EMPLOYEE] ([ID_TB_M_EMPLOYEE], [ID_TB_M_COMPANY], [USERNAME], [REG_NO], [PASSWORD], [PASSWORD_EXPIRATION_DATE], [PASSWORD_RESET], [ACCOUNT_VALIDITY_DATE], [EMAIL], [FIRST_NAME], [LAST_NAME], [ADDRESS], [PHONE], [IDENTITY_TYPE], [IDENTITY_NO], [PIC_STATUS], [ANZEN_SERTIFICATE_NO], [ANZEN_DT_FROM], [ANZEN_DT_TO], [SAFETY_INDUCTION_NO], [SAFETY_INDUCTION_FROM], [SAFETY_INDUCTION_TO], [SECTION], [STATUS], [CREATE_BY], [CREATE_DT], [UPDATE_BY], [UPDATE_DT], [IS_DELETED], [GENDER], [BIRTH_DATE], [SESSION_TIMEOUT], [LOCK_TIMEOUT], [IN_ACTIVE_DIRECTORY], [CHECK_IN], [ID_TB_R_WP_PROJECT]) VALUES (10, NULL, N'dodo', N'3333', N'9f374d798d005748f6485582cf69b802', NULL, NULL, NULL, N'dodo@wp.com', N'DODO', N'JATENG', N'tanggerang', N'3333', N'KTP', N'323333', N'MEMBER', N'', CAST(0x0000000000000000 AS DateTime), CAST(0x0000000000000000 AS DateTime), N'SIN33', CAST(0x0000ABC600ECC160 AS DateTime), CAST(0x0000ABC700ECC160 AS DateTime), N'GENERAL', NULL, N'Admin', CAST(0x0000ABBE008A2D55 AS DateTime), N'Admin', CAST(0x0000ABBE008A2D55 AS DateTime), 1, NULL, NULL, NULL, NULL, NULL, NULL, NULL)
INSERT [dbo].[TB_M_EMPLOYEE] ([ID_TB_M_EMPLOYEE], [ID_TB_M_COMPANY], [USERNAME], [REG_NO], [PASSWORD], [PASSWORD_EXPIRATION_DATE], [PASSWORD_RESET], [ACCOUNT_VALIDITY_DATE], [EMAIL], [FIRST_NAME], [LAST_NAME], [ADDRESS], [PHONE], [IDENTITY_TYPE], [IDENTITY_NO], [PIC_STATUS], [ANZEN_SERTIFICATE_NO], [ANZEN_DT_FROM], [ANZEN_DT_TO], [SAFETY_INDUCTION_NO], [SAFETY_INDUCTION_FROM], [SAFETY_INDUCTION_TO], [SECTION], [STATUS], [CREATE_BY], [CREATE_DT], [UPDATE_BY], [UPDATE_DT], [IS_DELETED], [GENDER], [BIRTH_DATE], [SESSION_TIMEOUT], [LOCK_TIMEOUT], [IN_ACTIVE_DIRECTORY], [CHECK_IN], [ID_TB_R_WP_PROJECT]) VALUES (31, 18, N' zxczxc', N'zxczxc', N'6b560d19713fe7369d7a8236abd5a1b1', NULL, NULL, NULL, N'zxczc@zxc', N'zxczxc', N'zxczxc', N'asdasd', N'12312', N'KTP', N'zxc1231', N'PMP', N'', CAST(0x0000000000000000 AS DateTime), CAST(0x0000000000000000 AS DateTime), N'', CAST(0x0000000000000000 AS DateTime), CAST(0x0000000000000000 AS DateTime), N'ISTD', 1, N'Admin', CAST(0x0000ABCD009C9141 AS DateTime), N' zxczxc', CAST(0x0000ABCD00A86602 AS DateTime), 1, NULL, NULL, NULL, NULL, NULL, NULL, NULL)
INSERT [dbo].[TB_M_EMPLOYEE] ([ID_TB_M_EMPLOYEE], [ID_TB_M_COMPANY], [USERNAME], [REG_NO], [PASSWORD], [PASSWORD_EXPIRATION_DATE], [PASSWORD_RESET], [ACCOUNT_VALIDITY_DATE], [EMAIL], [FIRST_NAME], [LAST_NAME], [ADDRESS], [PHONE], [IDENTITY_TYPE], [IDENTITY_NO], [PIC_STATUS], [ANZEN_SERTIFICATE_NO], [ANZEN_DT_FROM], [ANZEN_DT_TO], [SAFETY_INDUCTION_NO], [SAFETY_INDUCTION_FROM], [SAFETY_INDUCTION_TO], [SECTION], [STATUS], [CREATE_BY], [CREATE_DT], [UPDATE_BY], [UPDATE_DT], [IS_DELETED], [GENDER], [BIRTH_DATE], [SESSION_TIMEOUT], [LOCK_TIMEOUT], [IN_ACTIVE_DIRECTORY], [CHECK_IN], [ID_TB_R_WP_PROJECT]) VALUES (32, 19, N'512', N'asda', N'fa61f827f0f5373133b11cc20d835a79', NULL, NULL, NULL, N'12312asd@asdsa', N'adsdq', N'e123', N'512312', N'12312', N'KTP', N'asdasd', N'PMP', N'', CAST(0x0000000000000000 AS DateTime), CAST(0x0000000000000000 AS DateTime), N'', CAST(0x0000000000000000 AS DateTime), CAST(0x0000000000000000 AS DateTime), N'ISTD', NULL, N'Admin', CAST(0x0000ABCD009CD0FB AS DateTime), N'Admin', CAST(0x0000ABCD009CD0FB AS DateTime), 0, NULL, NULL, NULL, NULL, NULL, NULL, NULL)
INSERT [dbo].[TB_M_EMPLOYEE] ([ID_TB_M_EMPLOYEE], [ID_TB_M_COMPANY], [USERNAME], [REG_NO], [PASSWORD], [PASSWORD_EXPIRATION_DATE], [PASSWORD_RESET], [ACCOUNT_VALIDITY_DATE], [EMAIL], [FIRST_NAME], [LAST_NAME], [ADDRESS], [PHONE], [IDENTITY_TYPE], [IDENTITY_NO], [PIC_STATUS], [ANZEN_SERTIFICATE_NO], [ANZEN_DT_FROM], [ANZEN_DT_TO], [SAFETY_INDUCTION_NO], [SAFETY_INDUCTION_FROM], [SAFETY_INDUCTION_TO], [SECTION], [STATUS], [CREATE_BY], [CREATE_DT], [UPDATE_BY], [UPDATE_DT], [IS_DELETED], [GENDER], [BIRTH_DATE], [SESSION_TIMEOUT], [LOCK_TIMEOUT], [IN_ACTIVE_DIRECTORY], [CHECK_IN], [ID_TB_R_WP_PROJECT]) VALUES (33, 18, N'Savoy', N'1', N'b3ddbc502e307665f346cbd6e52cc10d', NULL, NULL, NULL, N'kuroaeni@gmail.com', N'RIRI', N'Savoy', N'Jl.Aja', N'123213', N'KTP', N'12345', N'PMP', N'', CAST(0x0000000000000000 AS DateTime), CAST(0x0000000000000000 AS DateTime), N'', CAST(0x0000000000000000 AS DateTime), CAST(0x0000000000000000 AS DateTime), N'ISTD', NULL, N'Admin', CAST(0x0000ABCD009DDF52 AS DateTime), N'Admin', CAST(0x0000ABCD009DDF52 AS DateTime), 0, NULL, NULL, NULL, NULL, NULL, NULL, NULL)
INSERT [dbo].[TB_M_EMPLOYEE] ([ID_TB_M_EMPLOYEE], [ID_TB_M_COMPANY], [USERNAME], [REG_NO], [PASSWORD], [PASSWORD_EXPIRATION_DATE], [PASSWORD_RESET], [ACCOUNT_VALIDITY_DATE], [EMAIL], [FIRST_NAME], [LAST_NAME], [ADDRESS], [PHONE], [IDENTITY_TYPE], [IDENTITY_NO], [PIC_STATUS], [ANZEN_SERTIFICATE_NO], [ANZEN_DT_FROM], [ANZEN_DT_TO], [SAFETY_INDUCTION_NO], [SAFETY_INDUCTION_FROM], [SAFETY_INDUCTION_TO], [SECTION], [STATUS], [CREATE_BY], [CREATE_DT], [UPDATE_BY], [UPDATE_DT], [IS_DELETED], [GENDER], [BIRTH_DATE], [SESSION_TIMEOUT], [LOCK_TIMEOUT], [IN_ACTIVE_DIRECTORY], [CHECK_IN], [ID_TB_R_WP_PROJECT]) VALUES (34, 19, N' zxcxzc', N'zcxzxc', N'39b3625a402cb34fc290185f37b9a034', NULL, NULL, NULL, N'czxczx@zxczx', N'zxczxczx', N'czxczx', N'zxczx', N'13123', N'SIM', N'zxczczx', N'PMP', N'', CAST(0x0000000000000000 AS DateTime), CAST(0x0000000000000000 AS DateTime), N'', CAST(0x0000000000000000 AS DateTime), CAST(0x0000000000000000 AS DateTime), N'ISTD', 1, N'Admin', CAST(0x0000ABCD009EF871 AS DateTime), N' zxcxzc', CAST(0x0000ABCE016D9425 AS DateTime), 0, NULL, NULL, NULL, NULL, NULL, NULL, NULL)
INSERT [dbo].[TB_M_EMPLOYEE] ([ID_TB_M_EMPLOYEE], [ID_TB_M_COMPANY], [USERNAME], [REG_NO], [PASSWORD], [PASSWORD_EXPIRATION_DATE], [PASSWORD_RESET], [ACCOUNT_VALIDITY_DATE], [EMAIL], [FIRST_NAME], [LAST_NAME], [ADDRESS], [PHONE], [IDENTITY_TYPE], [IDENTITY_NO], [PIC_STATUS], [ANZEN_SERTIFICATE_NO], [ANZEN_DT_FROM], [ANZEN_DT_TO], [SAFETY_INDUCTION_NO], [SAFETY_INDUCTION_FROM], [SAFETY_INDUCTION_TO], [SECTION], [STATUS], [CREATE_BY], [CREATE_DT], [UPDATE_BY], [UPDATE_DT], [IS_DELETED], [GENDER], [BIRTH_DATE], [SESSION_TIMEOUT], [LOCK_TIMEOUT], [IN_ACTIVE_DIRECTORY], [CHECK_IN], [ID_TB_R_WP_PROJECT]) VALUES (35, 19, N' ahaha', N'haha', N'47dbf9c83fed5281e042aa6babfbbac2', NULL, NULL, NULL, N'ahha@haha', N'hahah', N'ahah', N'hahah', N'123123', N'KTP', N'hahaha', N'PMP', N'', CAST(0x0000000000000000 AS DateTime), CAST(0x0000000000000000 AS DateTime), N'', CAST(0x0000000000000000 AS DateTime), CAST(0x0000000000000000 AS DateTime), N'ISTD', 1, N'Admin', CAST(0x0000ABCD009FBE49 AS DateTime), N' ahaha', CAST(0x0000ABCE016C64E9 AS DateTime), 0, NULL, NULL, NULL, NULL, NULL, NULL, NULL)
INSERT [dbo].[TB_M_EMPLOYEE] ([ID_TB_M_EMPLOYEE], [ID_TB_M_COMPANY], [USERNAME], [REG_NO], [PASSWORD], [PASSWORD_EXPIRATION_DATE], [PASSWORD_RESET], [ACCOUNT_VALIDITY_DATE], [EMAIL], [FIRST_NAME], [LAST_NAME], [ADDRESS], [PHONE], [IDENTITY_TYPE], [IDENTITY_NO], [PIC_STATUS], [ANZEN_SERTIFICATE_NO], [ANZEN_DT_FROM], [ANZEN_DT_TO], [SAFETY_INDUCTION_NO], [SAFETY_INDUCTION_FROM], [SAFETY_INDUCTION_TO], [SECTION], [STATUS], [CREATE_BY], [CREATE_DT], [UPDATE_BY], [UPDATE_DT], [IS_DELETED], [GENDER], [BIRTH_DATE], [SESSION_TIMEOUT], [LOCK_TIMEOUT], [IN_ACTIVE_DIRECTORY], [CHECK_IN], [ID_TB_R_WP_PROJECT]) VALUES (36, NULL, N'username 4', N'444', N'passowrd4', NULL, NULL, NULL, N'email4@tes.com', N'first name 4', N'last name 4', N'address 4', N'021-444', N'KTP', N'321444', N'MEMBER', NULL, NULL, NULL, N'987444', CAST(0x0000ABCD00000000 AS DateTime), CAST(0x0000ABCE00000000 AS DateTime), NULL, NULL, N'Admin', CAST(0x0000ABCD00A43314 AS DateTime), N'Admin', CAST(0x0000ABCD00E2EF3B AS DateTime), 0, NULL, NULL, NULL, NULL, NULL, NULL, NULL)
INSERT [dbo].[TB_M_EMPLOYEE] ([ID_TB_M_EMPLOYEE], [ID_TB_M_COMPANY], [USERNAME], [REG_NO], [PASSWORD], [PASSWORD_EXPIRATION_DATE], [PASSWORD_RESET], [ACCOUNT_VALIDITY_DATE], [EMAIL], [FIRST_NAME], [LAST_NAME], [ADDRESS], [PHONE], [IDENTITY_TYPE], [IDENTITY_NO], [PIC_STATUS], [ANZEN_SERTIFICATE_NO], [ANZEN_DT_FROM], [ANZEN_DT_TO], [SAFETY_INDUCTION_NO], [SAFETY_INDUCTION_FROM], [SAFETY_INDUCTION_TO], [SECTION], [STATUS], [CREATE_BY], [CREATE_DT], [UPDATE_BY], [UPDATE_DT], [IS_DELETED], [GENDER], [BIRTH_DATE], [SESSION_TIMEOUT], [LOCK_TIMEOUT], [IN_ACTIVE_DIRECTORY], [CHECK_IN], [ID_TB_R_WP_PROJECT]) VALUES (37, NULL, N'username 5', N'555', N'db0edd04aaac4506f7edab03ac855d56', NULL, NULL, NULL, N'email5@tes.com', N'First Name', N'last name 5', N'address 5', N'021-555', N'SIM', N'321555', N'MEMBER', NULL, NULL, NULL, N'987555', CAST(0x0000ABE900000000 AS DateTime), CAST(0x0000ABEA00000000 AS DateTime), NULL, NULL, N'Admin', CAST(0x0000ABCD00A70BB3 AS DateTime), N'Admin', CAST(0x0000ABCD00E32B0E AS DateTime), 0, NULL, NULL, NULL, NULL, NULL, NULL, NULL)
INSERT [dbo].[TB_M_EMPLOYEE] ([ID_TB_M_EMPLOYEE], [ID_TB_M_COMPANY], [USERNAME], [REG_NO], [PASSWORD], [PASSWORD_EXPIRATION_DATE], [PASSWORD_RESET], [ACCOUNT_VALIDITY_DATE], [EMAIL], [FIRST_NAME], [LAST_NAME], [ADDRESS], [PHONE], [IDENTITY_TYPE], [IDENTITY_NO], [PIC_STATUS], [ANZEN_SERTIFICATE_NO], [ANZEN_DT_FROM], [ANZEN_DT_TO], [SAFETY_INDUCTION_NO], [SAFETY_INDUCTION_FROM], [SAFETY_INDUCTION_TO], [SECTION], [STATUS], [CREATE_BY], [CREATE_DT], [UPDATE_BY], [UPDATE_DT], [IS_DELETED], [GENDER], [BIRTH_DATE], [SESSION_TIMEOUT], [LOCK_TIMEOUT], [IN_ACTIVE_DIRECTORY], [CHECK_IN], [ID_TB_R_WP_PROJECT]) VALUES (38, 18, N'casdas', N'zxc', N'196b0f14eba66e10fba74dbf9e99c22f', NULL, NULL, NULL, N'12321@asdad', N'zxczc', N'zcxz', N'asdas@asdasd', N'12312', N'KTP', N'1231e', N'PMP', N'', CAST(0x0000000000000000 AS DateTime), CAST(0x0000000000000000 AS DateTime), N'', CAST(0x0000000000000000 AS DateTime), CAST(0x0000000000000000 AS DateTime), N'ISTD', NULL, N'Admin', CAST(0x0000ABCD00B68F9E AS DateTime), N'Admin', CAST(0x0000ABCD00B68F9E AS DateTime), 0, NULL, NULL, NULL, NULL, NULL, NULL, NULL)
INSERT [dbo].[TB_M_EMPLOYEE] ([ID_TB_M_EMPLOYEE], [ID_TB_M_COMPANY], [USERNAME], [REG_NO], [PASSWORD], [PASSWORD_EXPIRATION_DATE], [PASSWORD_RESET], [ACCOUNT_VALIDITY_DATE], [EMAIL], [FIRST_NAME], [LAST_NAME], [ADDRESS], [PHONE], [IDENTITY_TYPE], [IDENTITY_NO], [PIC_STATUS], [ANZEN_SERTIFICATE_NO], [ANZEN_DT_FROM], [ANZEN_DT_TO], [SAFETY_INDUCTION_NO], [SAFETY_INDUCTION_FROM], [SAFETY_INDUCTION_TO], [SECTION], [STATUS], [CREATE_BY], [CREATE_DT], [UPDATE_BY], [UPDATE_DT], [IS_DELETED], [GENDER], [BIRTH_DATE], [SESSION_TIMEOUT], [LOCK_TIMEOUT], [IN_ACTIVE_DIRECTORY], [CHECK_IN], [ID_TB_R_WP_PROJECT]) VALUES (39, 24, N'  donn', N'2434', N'329be97b2bd13d72df03107e60678241', NULL, NULL, NULL, N'blabla@gmail.com', N'Dony', N'Adrian', N'Jalan', N'012712', N'KTP', N'33191123123121312', N'SCR', N'34-421', CAST(0x0000A9C8011A12F0 AS DateTime), CAST(0x0000ABCD00F91D70 AS DateTime), N'123123', CAST(0x0000AB4000F91D70 AS DateTime), CAST(0x0000ABDF00F91D70 AS DateTime), N'ISTD', 1, N'Admin', CAST(0x0000ABCD00F96A82 AS DateTime), N'  donn', CAST(0x0000ABCE00EEC57F AS DateTime), 0, NULL, NULL, NULL, NULL, NULL, NULL, NULL)
INSERT [dbo].[TB_M_EMPLOYEE] ([ID_TB_M_EMPLOYEE], [ID_TB_M_COMPANY], [USERNAME], [REG_NO], [PASSWORD], [PASSWORD_EXPIRATION_DATE], [PASSWORD_RESET], [ACCOUNT_VALIDITY_DATE], [EMAIL], [FIRST_NAME], [LAST_NAME], [ADDRESS], [PHONE], [IDENTITY_TYPE], [IDENTITY_NO], [PIC_STATUS], [ANZEN_SERTIFICATE_NO], [ANZEN_DT_FROM], [ANZEN_DT_TO], [SAFETY_INDUCTION_NO], [SAFETY_INDUCTION_FROM], [SAFETY_INDUCTION_TO], [SECTION], [STATUS], [CREATE_BY], [CREATE_DT], [UPDATE_BY], [UPDATE_DT], [IS_DELETED], [GENDER], [BIRTH_DATE], [SESSION_TIMEOUT], [LOCK_TIMEOUT], [IN_ACTIVE_DIRECTORY], [CHECK_IN], [ID_TB_R_WP_PROJECT]) VALUES (40, 18, N'     security', N'SCR00001', N'5f4dcc3b5aa765d61d8327deb882cf99', NULL, NULL, NULL, N'security@gmail.com', N'Good', N'Day', N'Karawang', N'1234567890', N'KTP', N'3210512313512312', N'SCR', N'zxczxc123', CAST(0x0000000000000000 AS DateTime), CAST(0x0000000000000000 AS DateTime), N'zxczxc123', CAST(0x0000000000000000 AS DateTime), CAST(0x0000000000000000 AS DateTime), N'Security', 1, N'Admin', CAST(0x0000ABCD01602678 AS DateTime), N'     security', CAST(0x0000ABCF001C5F3E AS DateTime), 0, N'M', NULL, NULL, NULL, NULL, 1, 15)
INSERT [dbo].[TB_M_EMPLOYEE] ([ID_TB_M_EMPLOYEE], [ID_TB_M_COMPANY], [USERNAME], [REG_NO], [PASSWORD], [PASSWORD_EXPIRATION_DATE], [PASSWORD_RESET], [ACCOUNT_VALIDITY_DATE], [EMAIL], [FIRST_NAME], [LAST_NAME], [ADDRESS], [PHONE], [IDENTITY_TYPE], [IDENTITY_NO], [PIC_STATUS], [ANZEN_SERTIFICATE_NO], [ANZEN_DT_FROM], [ANZEN_DT_TO], [SAFETY_INDUCTION_NO], [SAFETY_INDUCTION_FROM], [SAFETY_INDUCTION_TO], [SECTION], [STATUS], [CREATE_BY], [CREATE_DT], [UPDATE_BY], [UPDATE_DT], [IS_DELETED], [GENDER], [BIRTH_DATE], [SESSION_TIMEOUT], [LOCK_TIMEOUT], [IN_ACTIVE_DIRECTORY], [CHECK_IN], [ID_TB_R_WP_PROJECT]) VALUES (41, 20, N' ABCDE', N'ABCDE', N'92dc7a702604bdeb6f49411b1856b507', NULL, NULL, NULL, N'ABCDE@ABCDE', N'ZXCZXC', N'ZXC', N'ZXCZXC', N'123123', N'KTP', N'ASDASDASD', N'PNG', N'', CAST(0x0000000000000000 AS DateTime), CAST(0x0000000000000000 AS DateTime), N'', CAST(0x0000000000000000 AS DateTime), CAST(0x0000000000000000 AS DateTime), N'Security', 1, N'Admin', CAST(0x0000ABCD016518FE AS DateTime), N' ABCDE', CAST(0x0000ABCD01663746 AS DateTime), 0, NULL, NULL, NULL, NULL, NULL, NULL, NULL)
INSERT [dbo].[TB_M_EMPLOYEE] ([ID_TB_M_EMPLOYEE], [ID_TB_M_COMPANY], [USERNAME], [REG_NO], [PASSWORD], [PASSWORD_EXPIRATION_DATE], [PASSWORD_RESET], [ACCOUNT_VALIDITY_DATE], [EMAIL], [FIRST_NAME], [LAST_NAME], [ADDRESS], [PHONE], [IDENTITY_TYPE], [IDENTITY_NO], [PIC_STATUS], [ANZEN_SERTIFICATE_NO], [ANZEN_DT_FROM], [ANZEN_DT_TO], [SAFETY_INDUCTION_NO], [SAFETY_INDUCTION_FROM], [SAFETY_INDUCTION_TO], [SECTION], [STATUS], [CREATE_BY], [CREATE_DT], [UPDATE_BY], [UPDATE_DT], [IS_DELETED], [GENDER], [BIRTH_DATE], [SESSION_TIMEOUT], [LOCK_TIMEOUT], [IN_ACTIVE_DIRECTORY], [CHECK_IN], [ID_TB_R_WP_PROJECT]) VALUES (42, 18, N'qweqwe', N'qweqwe', N'157eb9ce33644ada6d0499c1097c4f5d', NULL, NULL, NULL, N'qweqw@aweqw', N'qweqweqwe', N'qweqwe', N'qweqwe', N'12312', N'KTP', N'009asdk123', N'PMP', N'', CAST(0x0000000000000000 AS DateTime), CAST(0x0000000000000000 AS DateTime), N'', CAST(0x0000000000000000 AS DateTime), CAST(0x0000000000000000 AS DateTime), N'ISTD', NULL, N'Admin', CAST(0x0000ABCE010959C4 AS DateTime), N'Admin', CAST(0x0000ABCE010959C4 AS DateTime), 0, NULL, NULL, NULL, NULL, NULL, 1, NULL)
INSERT [dbo].[TB_M_EMPLOYEE] ([ID_TB_M_EMPLOYEE], [ID_TB_M_COMPANY], [USERNAME], [REG_NO], [PASSWORD], [PASSWORD_EXPIRATION_DATE], [PASSWORD_RESET], [ACCOUNT_VALIDITY_DATE], [EMAIL], [FIRST_NAME], [LAST_NAME], [ADDRESS], [PHONE], [IDENTITY_TYPE], [IDENTITY_NO], [PIC_STATUS], [ANZEN_SERTIFICATE_NO], [ANZEN_DT_FROM], [ANZEN_DT_TO], [SAFETY_INDUCTION_NO], [SAFETY_INDUCTION_FROM], [SAFETY_INDUCTION_TO], [SECTION], [STATUS], [CREATE_BY], [CREATE_DT], [UPDATE_BY], [UPDATE_DT], [IS_DELETED], [GENDER], [BIRTH_DATE], [SESSION_TIMEOUT], [LOCK_TIMEOUT], [IN_ACTIVE_DIRECTORY], [CHECK_IN], [ID_TB_R_WP_PROJECT]) VALUES (43, 19, N'zxczxc', N'zxczxczc', N'ecb97ffafc1798cd2f67fcbc37226761', NULL, NULL, NULL, N'zxczxc@asdads', N'zxczc', N'zxczxc', N'sadasda1232', N'2122312', N'KTP', N'qweqw', N'PMP', N'', CAST(0x0000000000000000 AS DateTime), CAST(0x0000000000000000 AS DateTime), N'', CAST(0x0000000000000000 AS DateTime), CAST(0x0000000000000000 AS DateTime), N'ISTD', NULL, N'Admin', CAST(0x0000ABCE010A5F63 AS DateTime), N'Admin', CAST(0x0000ABCE010A5F63 AS DateTime), 0, NULL, NULL, NULL, NULL, NULL, 1, NULL)
INSERT [dbo].[TB_M_EMPLOYEE] ([ID_TB_M_EMPLOYEE], [ID_TB_M_COMPANY], [USERNAME], [REG_NO], [PASSWORD], [PASSWORD_EXPIRATION_DATE], [PASSWORD_RESET], [ACCOUNT_VALIDITY_DATE], [EMAIL], [FIRST_NAME], [LAST_NAME], [ADDRESS], [PHONE], [IDENTITY_TYPE], [IDENTITY_NO], [PIC_STATUS], [ANZEN_SERTIFICATE_NO], [ANZEN_DT_FROM], [ANZEN_DT_TO], [SAFETY_INDUCTION_NO], [SAFETY_INDUCTION_FROM], [SAFETY_INDUCTION_TO], [SECTION], [STATUS], [CREATE_BY], [CREATE_DT], [UPDATE_BY], [UPDATE_DT], [IS_DELETED], [GENDER], [BIRTH_DATE], [SESSION_TIMEOUT], [LOCK_TIMEOUT], [IN_ACTIVE_DIRECTORY], [CHECK_IN], [ID_TB_R_WP_PROJECT]) VALUES (44, 18, N'aaa', N'aaa', N'47bce5c74f589f4867dbd57e9ca9f808', NULL, NULL, NULL, N'aaaa@zxc', N'aaa', N'aaa', N'aaaa', N'1111', N'SIM', N'ggggg', N'PIMPINAN', N'', CAST(0x0000000000000000 AS DateTime), CAST(0x0000000000000000 AS DateTime), N'', CAST(0x0000000000000000 AS DateTime), CAST(0x0000000000000000 AS DateTime), N'ISTD', NULL, N'Admin', CAST(0x0000ABCE010B0FD6 AS DateTime), N'Admin', CAST(0x0000ABCE010B0FD6 AS DateTime), 0, NULL, NULL, NULL, NULL, NULL, 1, NULL)
INSERT [dbo].[TB_M_EMPLOYEE] ([ID_TB_M_EMPLOYEE], [ID_TB_M_COMPANY], [USERNAME], [REG_NO], [PASSWORD], [PASSWORD_EXPIRATION_DATE], [PASSWORD_RESET], [ACCOUNT_VALIDITY_DATE], [EMAIL], [FIRST_NAME], [LAST_NAME], [ADDRESS], [PHONE], [IDENTITY_TYPE], [IDENTITY_NO], [PIC_STATUS], [ANZEN_SERTIFICATE_NO], [ANZEN_DT_FROM], [ANZEN_DT_TO], [SAFETY_INDUCTION_NO], [SAFETY_INDUCTION_FROM], [SAFETY_INDUCTION_TO], [SECTION], [STATUS], [CREATE_BY], [CREATE_DT], [UPDATE_BY], [UPDATE_DT], [IS_DELETED], [GENDER], [BIRTH_DATE], [SESSION_TIMEOUT], [LOCK_TIMEOUT], [IN_ACTIVE_DIRECTORY], [CHECK_IN], [ID_TB_R_WP_PROJECT]) VALUES (45, 18, N'scan', N'zxcaaa231', N'53aefec08170b2ebed981a0a86d0dbe0', NULL, NULL, NULL, N'scan@leader', N'Scanner', N'Leader', N'adreesss leader', N'12345', N'KTP', N'zxczczxc', N'PMP', N'zxczxc123', CAST(0x0000000000000000 AS DateTime), CAST(0x0000000000000000 AS DateTime), N'zxczxc123', CAST(0x0000000000000000 AS DateTime), CAST(0x0000000000000000 AS DateTime), N'GENERAL', NULL, N'Admin', CAST(0x0000ABCF000721B3 AS DateTime), N'Admin', CAST(0x0000ABCF000721B3 AS DateTime), 0, NULL, NULL, NULL, NULL, NULL, 1, NULL)
INSERT [dbo].[TB_M_EMPLOYEE] ([ID_TB_M_EMPLOYEE], [ID_TB_M_COMPANY], [USERNAME], [REG_NO], [PASSWORD], [PASSWORD_EXPIRATION_DATE], [PASSWORD_RESET], [ACCOUNT_VALIDITY_DATE], [EMAIL], [FIRST_NAME], [LAST_NAME], [ADDRESS], [PHONE], [IDENTITY_TYPE], [IDENTITY_NO], [PIC_STATUS], [ANZEN_SERTIFICATE_NO], [ANZEN_DT_FROM], [ANZEN_DT_TO], [SAFETY_INDUCTION_NO], [SAFETY_INDUCTION_FROM], [SAFETY_INDUCTION_TO], [SECTION], [STATUS], [CREATE_BY], [CREATE_DT], [UPDATE_BY], [UPDATE_DT], [IS_DELETED], [GENDER], [BIRTH_DATE], [SESSION_TIMEOUT], [LOCK_TIMEOUT], [IN_ACTIVE_DIRECTORY], [CHECK_IN], [ID_TB_R_WP_PROJECT]) VALUES (46, NULL, NULL, NULL, NULL, NULL, NULL, NULL, NULL, NULL, NULL, NULL, NULL, NULL, NULL, NULL, NULL, NULL, NULL, NULL, NULL, NULL, NULL, NULL, NULL, NULL, NULL, NULL, 0, NULL, NULL, NULL, NULL, NULL, 1, NULL)
SET IDENTITY_INSERT [dbo].[TB_M_EMPLOYEE] OFF
SET IDENTITY_INSERT [dbo].[TB_M_ITEM] ON 

INSERT [dbo].[TB_M_ITEM] ([ID_TB_M_ITEM], [ITEM_NAME], [ITEM_ST], [ITEM_TYPE], [ITEM_DESC], [CREATED_BY], [CREATED_DT], [UPDATED_BY], [UPDATED_DT], [IS_DELETED]) VALUES (3, N'ItemToEdit2', 0, NULL, N'  AAA', N'Admin', CAST(0x0000ABB70184FA75 AS DateTime), N'Admin', CAST(0x0000ABBE0156F039 AS DateTime), 1)
INSERT [dbo].[TB_M_ITEM] ([ID_TB_M_ITEM], [ITEM_NAME], [ITEM_ST], [ITEM_TYPE], [ITEM_DESC], [CREATED_BY], [CREATED_DT], [UPDATED_BY], [UPDATED_DT], [IS_DELETED]) VALUES (4, N'Item1', 1, NULL, N'Desc Item1', N'Admin', CAST(0x0000ABBC01154B66 AS DateTime), N'Admin', CAST(0x0000ABBC01154B66 AS DateTime), 1)
INSERT [dbo].[TB_M_ITEM] ([ID_TB_M_ITEM], [ITEM_NAME], [ITEM_ST], [ITEM_TYPE], [ITEM_DESC], [CREATED_BY], [CREATED_DT], [UPDATED_BY], [UPDATED_DT], [IS_DELETED]) VALUES (5, N'Item12', 1, NULL, N'Test New Item', N'Admin', CAST(0x0000ABBE015588B7 AS DateTime), N'Admin', CAST(0x0000ABBE015588B7 AS DateTime), 1)
INSERT [dbo].[TB_M_ITEM] ([ID_TB_M_ITEM], [ITEM_NAME], [ITEM_ST], [ITEM_TYPE], [ITEM_DESC], [CREATED_BY], [CREATED_DT], [UPDATED_BY], [UPDATED_DT], [IS_DELETED]) VALUES (6, N'zxczxc', 1, NULL, N' zxc', N'Admin', CAST(0x0000ABC900177960 AS DateTime), N'Admin', CAST(0x0000ABC90017802F AS DateTime), 1)
INSERT [dbo].[TB_M_ITEM] ([ID_TB_M_ITEM], [ITEM_NAME], [ITEM_ST], [ITEM_TYPE], [ITEM_DESC], [CREATED_BY], [CREATED_DT], [UPDATED_BY], [UPDATED_DT], [IS_DELETED]) VALUES (7, N'ItemTest', 1, NULL, N'Test Data', N'Admin', CAST(0x0000ABCC0161510A AS DateTime), N'Admin', CAST(0x0000ABCC0161510A AS DateTime), 1)
INSERT [dbo].[TB_M_ITEM] ([ID_TB_M_ITEM], [ITEM_NAME], [ITEM_ST], [ITEM_TYPE], [ITEM_DESC], [CREATED_BY], [CREATED_DT], [UPDATED_BY], [UPDATED_DT], [IS_DELETED]) VALUES (8, N'd', 0, NULL, N'd', N'Admin', CAST(0x0000ABCC0161A7A6 AS DateTime), N'Admin', CAST(0x0000ABCC0161A7A6 AS DateTime), 1)
INSERT [dbo].[TB_M_ITEM] ([ID_TB_M_ITEM], [ITEM_NAME], [ITEM_ST], [ITEM_TYPE], [ITEM_DESC], [CREATED_BY], [CREATED_DT], [UPDATED_BY], [UPDATED_DT], [IS_DELETED]) VALUES (9, N'qwer5', 1, NULL, N' zxczx', N'Admin', CAST(0x0000ABCD00AE4F6F AS DateTime), N'Admin', CAST(0x0000ABCD00AE5A6F AS DateTime), 1)
INSERT [dbo].[TB_M_ITEM] ([ID_TB_M_ITEM], [ITEM_NAME], [ITEM_ST], [ITEM_TYPE], [ITEM_DESC], [CREATED_BY], [CREATED_DT], [UPDATED_BY], [UPDATED_DT], [IS_DELETED]) VALUES (10, N'ItemBug', 1, NULL, N'buggg', N'Admin', CAST(0x0000ABCD00B63EE0 AS DateTime), N'Admin', CAST(0x0000ABCD00B63EE0 AS DateTime), 1)
INSERT [dbo].[TB_M_ITEM] ([ID_TB_M_ITEM], [ITEM_NAME], [ITEM_ST], [ITEM_TYPE], [ITEM_DESC], [CREATED_BY], [CREATED_DT], [UPDATED_BY], [UPDATED_DT], [IS_DELETED]) VALUES (11, N'TestBug', 0, NULL, N'Test Bug
', N'Admin', CAST(0x0000ABCD00B667B9 AS DateTime), N'Admin', CAST(0x0000ABCD00B667B9 AS DateTime), 1)
INSERT [dbo].[TB_M_ITEM] ([ID_TB_M_ITEM], [ITEM_NAME], [ITEM_ST], [ITEM_TYPE], [ITEM_DESC], [CREATED_BY], [CREATED_DT], [UPDATED_BY], [UPDATED_DT], [IS_DELETED]) VALUES (12, N'Cobaa ', 1, NULL, N'Yeeeee', N'Admin', CAST(0x0000ABCD010842C5 AS DateTime), N'Admin', CAST(0x0000ABCD010842C5 AS DateTime), 1)
INSERT [dbo].[TB_M_ITEM] ([ID_TB_M_ITEM], [ITEM_NAME], [ITEM_ST], [ITEM_TYPE], [ITEM_DESC], [CREATED_BY], [CREATED_DT], [UPDATED_BY], [UPDATED_DT], [IS_DELETED]) VALUES (13, N'yess', 0, NULL, N'yesss ', N'Admin', CAST(0x0000ABCD010858EB AS DateTime), N'Admin', CAST(0x0000ABCD010858EB AS DateTime), 1)
INSERT [dbo].[TB_M_ITEM] ([ID_TB_M_ITEM], [ITEM_NAME], [ITEM_ST], [ITEM_TYPE], [ITEM_DESC], [CREATED_BY], [CREATED_DT], [UPDATED_BY], [UPDATED_DT], [IS_DELETED]) VALUES (14, N'zxczxczxcz', 1, N'APD', N'     hahah', N'Admin', CAST(0x0000ABCD011517FA AS DateTime), N'Admin', CAST(0x0000ABCD011824E6 AS DateTime), 1)
INSERT [dbo].[TB_M_ITEM] ([ID_TB_M_ITEM], [ITEM_NAME], [ITEM_ST], [ITEM_TYPE], [ITEM_DESC], [CREATED_BY], [CREATED_DT], [UPDATED_BY], [UPDATED_DT], [IS_DELETED]) VALUES (15, N'zzzzz', 1, N'UTL', N'asdasdasd', N'Admin', CAST(0x0000ABCD011B3444 AS DateTime), N'Admin', CAST(0x0000ABCD011B3444 AS DateTime), 1)
INSERT [dbo].[TB_M_ITEM] ([ID_TB_M_ITEM], [ITEM_NAME], [ITEM_ST], [ITEM_TYPE], [ITEM_DESC], [CREATED_BY], [CREATED_DT], [UPDATED_BY], [UPDATED_DT], [IS_DELETED]) VALUES (16, N'Listrik', 1, N'UTL', N'UTILITY ITEM REQUEST', N'Admin', CAST(0x0000ABCD014E9B91 AS DateTime), N'Admin', CAST(0x0000ABCD014ED00A AS DateTime), 0)
INSERT [dbo].[TB_M_ITEM] ([ID_TB_M_ITEM], [ITEM_NAME], [ITEM_ST], [ITEM_TYPE], [ITEM_DESC], [CREATED_BY], [CREATED_DT], [UPDATED_BY], [UPDATED_DT], [IS_DELETED]) VALUES (17, N'Angin 8k / 6k', 1, N'UTL', N'UTILITY ITEM REQUEST', N'Admin', CAST(0x0000ABCD014EB80D AS DateTime), N'Admin', CAST(0x0000ABCD014EB80D AS DateTime), 0)
INSERT [dbo].[TB_M_ITEM] ([ID_TB_M_ITEM], [ITEM_NAME], [ITEM_ST], [ITEM_TYPE], [ITEM_DESC], [CREATED_BY], [CREATED_DT], [UPDATED_BY], [UPDATED_DT], [IS_DELETED]) VALUES (18, N'Air', 1, N'UTL', N'   UTILITY ITEM REQUEST', N'Admin', CAST(0x0000ABCD014EC7DA AS DateTime), N'Admin', CAST(0x0000ABCE0171C42F AS DateTime), 0)
SET IDENTITY_INSERT [dbo].[TB_M_ITEM] OFF
SET IDENTITY_INSERT [dbo].[TB_M_LEARN_MODULE_TRAINING] ON 

INSERT [dbo].[TB_M_LEARN_MODULE_TRAINING] ([ID_TB_M_LEARN_MOD_TRAINING], [TITLE], [DESCRIPTION], [CONTENT_TRAINING], [FILE_NAME], [IS_DELETED], [CREATED_BY], [CREATED_DT], [UPDATED_BY], [UPDATED_DT]) VALUES (45, N'a1', N'a2', NULL, NULL, 0, N'Admin', CAST(0x0000ABC301886BC0 AS DateTime), N'Admin', CAST(0x0000ABC301886BC0 AS DateTime))
INSERT [dbo].[TB_M_LEARN_MODULE_TRAINING] ([ID_TB_M_LEARN_MOD_TRAINING], [TITLE], [DESCRIPTION], [CONTENT_TRAINING], [FILE_NAME], [IS_DELETED], [CREATED_BY], [CREATED_DT], [UPDATED_BY], [UPDATED_DT]) VALUES (46, N'b1', N'b2', NULL, NULL, 0, N'Admin', CAST(0x0000ABC30188EDD9 AS DateTime), N'Admin', CAST(0x0000ABC30188EDD9 AS DateTime))
INSERT [dbo].[TB_M_LEARN_MODULE_TRAINING] ([ID_TB_M_LEARN_MOD_TRAINING], [TITLE], [DESCRIPTION], [CONTENT_TRAINING], [FILE_NAME], [IS_DELETED], [CREATED_BY], [CREATED_DT], [UPDATED_BY], [UPDATED_DT]) VALUES (51, N'a1', N'b1', NULL, NULL, 0, N'Admin', CAST(0x0000ABC400023BFB AS DateTime), N'Admin', CAST(0x0000ABC400023BFB AS DateTime))
INSERT [dbo].[TB_M_LEARN_MODULE_TRAINING] ([ID_TB_M_LEARN_MOD_TRAINING], [TITLE], [DESCRIPTION], [CONTENT_TRAINING], [FILE_NAME], [IS_DELETED], [CREATED_BY], [CREATED_DT], [UPDATED_BY], [UPDATED_DT]) VALUES (54, N'b2', N'b3', NULL, N'No files selected.', 0, N'Admin', CAST(0x0000ABC4006DE902 AS DateTime), N'Admin', CAST(0x0000ABC4006DE902 AS DateTime))
INSERT [dbo].[TB_M_LEARN_MODULE_TRAINING] ([ID_TB_M_LEARN_MOD_TRAINING], [TITLE], [DESCRIPTION], [CONTENT_TRAINING], [FILE_NAME], [IS_DELETED], [CREATED_BY], [CREATED_DT], [UPDATED_BY], [UPDATED_DT]) VALUES (56, N'aa1', N'aa2', NULL, N'No files selected.', 0, N'Admin', CAST(0x0000ABC4006FD3A0 AS DateTime), N'Admin', CAST(0x0000ABC4006FD3A0 AS DateTime))
INSERT [dbo].[TB_M_LEARN_MODULE_TRAINING] ([ID_TB_M_LEARN_MOD_TRAINING], [TITLE], [DESCRIPTION], [CONTENT_TRAINING], [FILE_NAME], [IS_DELETED], [CREATED_BY], [CREATED_DT], [UPDATED_BY], [UPDATED_DT]) VALUES (58, N'aaa1', N'aaa2', NULL, N'No files selected.', 0, N'Admin', CAST(0x0000ABC400721128 AS DateTime), N'Admin', CAST(0x0000ABC400721128 AS DateTime))
INSERT [dbo].[TB_M_LEARN_MODULE_TRAINING] ([ID_TB_M_LEARN_MOD_TRAINING], [TITLE], [DESCRIPTION], [CONTENT_TRAINING], [FILE_NAME], [IS_DELETED], [CREATED_BY], [CREATED_DT], [UPDATED_BY], [UPDATED_DT]) VALUES (61, N'a199', N'b199', NULL, N'No files selected.', 0, N'Admin', CAST(0x0000ABC40100C4ED AS DateTime), N'Admin', CAST(0x0000ABC40100C4ED AS DateTime))
INSERT [dbo].[TB_M_LEARN_MODULE_TRAINING] ([ID_TB_M_LEARN_MOD_TRAINING], [TITLE], [DESCRIPTION], [CONTENT_TRAINING], [FILE_NAME], [IS_DELETED], [CREATED_BY], [CREATED_DT], [UPDATED_BY], [UPDATED_DT]) VALUES (62, N'k199', N'j199', NULL, N'No files selected.', 1, N'Admin', CAST(0x0000ABC40100FBC5 AS DateTime), N'Admin', CAST(0x0000ABC4010111FF AS DateTime))
SET IDENTITY_INSERT [dbo].[TB_M_LEARN_MODULE_TRAINING] OFF
SET IDENTITY_INSERT [dbo].[TB_M_LEARN_QUESTION] ON 

INSERT [dbo].[TB_M_LEARN_QUESTION] ([ID_TB_M_LEARN_QUESTION], [QUESTION], [ANSWER_CHOICE_A], [ANSWER_CHOICE_B], [ANSWER_CHOICE_C], [ANSWER_CHOICE_D], [ANSWER_CHOICE_E], [ANSWER_KEY], [EXPLANATION], [IMAGE], [IS_DELETED], [CREATED_BY], [CREATED_DT], [UPDATED_BY], [UPDATED_DT]) VALUES (11, N'<p>Siapa preside kita saat ini ?</p>', N'<p>Jokowi W</p>', N'<p>Soeharto</p>', N'<p>Soekarno</p>', N'<p>Gusdur</p>', N'<p>SBY</p>', N'<p>Soekarno</p>', NULL, N'undefined', 0, N'Admin', NULL, N'Admin', CAST(0x0000ABC001815BF5 AS DateTime))
INSERT [dbo].[TB_M_LEARN_QUESTION] ([ID_TB_M_LEARN_QUESTION], [QUESTION], [ANSWER_CHOICE_A], [ANSWER_CHOICE_B], [ANSWER_CHOICE_C], [ANSWER_CHOICE_D], [ANSWER_CHOICE_E], [ANSWER_KEY], [EXPLANATION], [IMAGE], [IS_DELETED], [CREATED_BY], [CREATED_DT], [UPDATED_BY], [UPDATED_DT]) VALUES (12, N'<p>Dimana daerah ibukota Indonesia ?</p>', N'<p>Jakarta</p>', N'<p>Bandung</p>', N'<p>Palangka Raya</p>', N'<p>Kutai Kartanegara</p>', N'<p>Tambelang</p>', N'undefined', NULL, N'undefined', 0, N'Admin', NULL, N'Admin', CAST(0x0000ABCC016D5DF8 AS DateTime))
INSERT [dbo].[TB_M_LEARN_QUESTION] ([ID_TB_M_LEARN_QUESTION], [QUESTION], [ANSWER_CHOICE_A], [ANSWER_CHOICE_B], [ANSWER_CHOICE_C], [ANSWER_CHOICE_D], [ANSWER_CHOICE_E], [ANSWER_KEY], [EXPLANATION], [IMAGE], [IS_DELETED], [CREATED_BY], [CREATED_DT], [UPDATED_BY], [UPDATED_DT]) VALUES (13, N'Tambelang adalah ?', N'Provinsi', N'Kabupaten', N'Kota', N'Kecamatan', N'Negara', N'Kecamatan', NULL, NULL, 0, N'Admin', NULL, N'Admin', NULL)
INSERT [dbo].[TB_M_LEARN_QUESTION] ([ID_TB_M_LEARN_QUESTION], [QUESTION], [ANSWER_CHOICE_A], [ANSWER_CHOICE_B], [ANSWER_CHOICE_C], [ANSWER_CHOICE_D], [ANSWER_CHOICE_E], [ANSWER_KEY], [EXPLANATION], [IMAGE], [IS_DELETED], [CREATED_BY], [CREATED_DT], [UPDATED_BY], [UPDATED_DT]) VALUES (14, N'Letak daerah Tambelang adalah ?', N'Jakarta', N'Bekasi', N'Bandung', N'Tanggerang', N'Tokyo', N'Bekasi', NULL, NULL, 0, N'Admin', NULL, N'Admin', NULL)
INSERT [dbo].[TB_M_LEARN_QUESTION] ([ID_TB_M_LEARN_QUESTION], [QUESTION], [ANSWER_CHOICE_A], [ANSWER_CHOICE_B], [ANSWER_CHOICE_C], [ANSWER_CHOICE_D], [ANSWER_CHOICE_E], [ANSWER_KEY], [EXPLANATION], [IMAGE], [IS_DELETED], [CREATED_BY], [CREATED_DT], [UPDATED_BY], [UPDATED_DT]) VALUES (27, N'<p><span style="font-family: ''Open Sans''; font-size: 12px; font-weight: bold;">QUESTION 1</span></p>', N'<p><span style="font-family: ''Open Sans''; font-size: 12px; font-weight: bold;">QUESTION&nbsp;1</span></p>', N'<p><span style="font-family: ''Open Sans''; font-size: 12px; font-weight: bold;">QUESTION 3</span></p>', N'<p><span style="font-family: ''Open Sans''; font-size: 12px; font-weight: bold;">QUESTION 4</span></p>', N'<p><span style="font-family: ''Open Sans''; font-size: 12px; font-weight: bold;">QUESTION 5</span></p>', N'<p><span style="font-family: ''Open Sans''; font-size: 12px; font-weight: bold;">QUESTION 6</span></p>', N'<p><span style="font-family: ''Open Sans''; font-size: 12px; font-weight: bold;">QUESTION&nbsp;1</span></p>', NULL, N'undefined', 1, N'Admin', CAST(0x0000ABBD007B7DB2 AS DateTime), N'Admin', CAST(0x0000ABBD00AC5F18 AS DateTime))
INSERT [dbo].[TB_M_LEARN_QUESTION] ([ID_TB_M_LEARN_QUESTION], [QUESTION], [ANSWER_CHOICE_A], [ANSWER_CHOICE_B], [ANSWER_CHOICE_C], [ANSWER_CHOICE_D], [ANSWER_CHOICE_E], [ANSWER_KEY], [EXPLANATION], [IMAGE], [IS_DELETED], [CREATED_BY], [CREATED_DT], [UPDATED_BY], [UPDATED_DT]) VALUES (31, N'Cara Melindungi DIri', N'Alat', N'Pelindung', N'Alat Pelindung DIri', N'Diri', N'APD', N'Alat Pelindung DIri', NULL, N'C:\fakepath\Question Bank 9.jpg', 1, N'Admin', CAST(0x0000ABBE015DD454 AS DateTime), N'Admin', CAST(0x0000ABBE01642725 AS DateTime))
INSERT [dbo].[TB_M_LEARN_QUESTION] ([ID_TB_M_LEARN_QUESTION], [QUESTION], [ANSWER_CHOICE_A], [ANSWER_CHOICE_B], [ANSWER_CHOICE_C], [ANSWER_CHOICE_D], [ANSWER_CHOICE_E], [ANSWER_KEY], [EXPLANATION], [IMAGE], [IS_DELETED], [CREATED_BY], [CREATED_DT], [UPDATED_BY], [UPDATED_DT]) VALUES (33, N'Potensi Bahaya', N'Listrik', N'', N'Radiasi', N'Kimia', N'Semua Benar', N'Semua Benar', NULL, N'', 1, N'Admin', CAST(0x0000ABBE016049C1 AS DateTime), N'Admin', CAST(0x0000ABBE016049C1 AS DateTime))
INSERT [dbo].[TB_M_LEARN_QUESTION] ([ID_TB_M_LEARN_QUESTION], [QUESTION], [ANSWER_CHOICE_A], [ANSWER_CHOICE_B], [ANSWER_CHOICE_C], [ANSWER_CHOICE_D], [ANSWER_CHOICE_E], [ANSWER_KEY], [EXPLANATION], [IMAGE], [IS_DELETED], [CREATED_BY], [CREATED_DT], [UPDATED_BY], [UPDATED_DT]) VALUES (34, N'Prosedur Darurat', N'Teriak', N'Lari', N'Menyelamatkan Diri', N'Sembunyi', N'Diam', N'C', NULL, N'', 0, N'Admin', CAST(0x0000ABBE01618D13 AS DateTime), N'Admin', CAST(0x0000ABBE01618D13 AS DateTime))
INSERT [dbo].[TB_M_LEARN_QUESTION] ([ID_TB_M_LEARN_QUESTION], [QUESTION], [ANSWER_CHOICE_A], [ANSWER_CHOICE_B], [ANSWER_CHOICE_C], [ANSWER_CHOICE_D], [ANSWER_CHOICE_E], [ANSWER_KEY], [EXPLANATION], [IMAGE], [IS_DELETED], [CREATED_BY], [CREATED_DT], [UPDATED_BY], [UPDATED_DT]) VALUES (35, N'<p>Prosedut</p>', N'<p>Teriak</p>', N'<p>Lari</p>', N'<p>Menyelamatkan Diri</p>', N'<p>Sembunyi</p>', N'<p>Diam</p>', N'undefined', NULL, N'undefined', 0, N'Admin', CAST(0x0000ABBE0161E120 AS DateTime), N'Admin', CAST(0x0000ABCC016D2976 AS DateTime))
SET IDENTITY_INSERT [dbo].[TB_M_LEARN_QUESTION] OFF
SET IDENTITY_INSERT [dbo].[TB_M_LOCATION] ON 

INSERT [dbo].[TB_M_LOCATION] ([ID_TB_M_LOCATION], [ID_TB_M_AREA], [LOC_CD], [LOC_NAME], [LONG], [LAT], [WIDE], [POINT], [CREATE_BY], [CREATE_DT], [UPDATE_BY], [UPDATE_DT], [STATUS], [IS_DELETED]) VALUES (1, 5, N'P1ASSY', N' Assy', NULL, NULL, NULL, NULL, N'Admin', CAST(0x0000ABAD018610B1 AS DateTime), N'Admin', CAST(0x0000ABAE000A01C4 AS DateTime), 1, 0)
INSERT [dbo].[TB_M_LOCATION] ([ID_TB_M_LOCATION], [ID_TB_M_AREA], [LOC_CD], [LOC_NAME], [LONG], [LAT], [WIDE], [POINT], [CREATE_BY], [CREATE_DT], [UPDATE_BY], [UPDATE_DT], [STATUS], [IS_DELETED]) VALUES (2, 5, N'P1TOSO', N' Toso', NULL, NULL, NULL, NULL, N'Admin', CAST(0x0000ABAD01875049 AS DateTime), N'Admin', CAST(0x0000ABAE000A4F0F AS DateTime), 1, 0)
INSERT [dbo].[TB_M_LOCATION] ([ID_TB_M_LOCATION], [ID_TB_M_AREA], [LOC_CD], [LOC_NAME], [LONG], [LAT], [WIDE], [POINT], [CREATE_BY], [CREATE_DT], [UPDATE_BY], [UPDATE_DT], [STATUS], [IS_DELETED]) VALUES (5, 5, N'P1WLD', N'Welding', NULL, NULL, NULL, NULL, N'Admin', CAST(0x0000ABAE000AAE6C AS DateTime), N'Admin', CAST(0x0000ABAE000AAE6C AS DateTime), 1, 0)
INSERT [dbo].[TB_M_LOCATION] ([ID_TB_M_LOCATION], [ID_TB_M_AREA], [LOC_CD], [LOC_NAME], [LONG], [LAT], [WIDE], [POINT], [CREATE_BY], [CREATE_DT], [UPDATE_BY], [UPDATE_DT], [STATUS], [IS_DELETED]) VALUES (6, 5, N'P2ASSY', N'Assy', NULL, NULL, NULL, NULL, N'Admin', CAST(0x0000ABAE000FD227 AS DateTime), N'Admin', CAST(0x0000ABAE000FD227 AS DateTime), 1, 0)
INSERT [dbo].[TB_M_LOCATION] ([ID_TB_M_LOCATION], [ID_TB_M_AREA], [LOC_CD], [LOC_NAME], [LONG], [LAT], [WIDE], [POINT], [CREATE_BY], [CREATE_DT], [UPDATE_BY], [UPDATE_DT], [STATUS], [IS_DELETED]) VALUES (7, 5, N'P2TOSO', N'Toso', NULL, NULL, NULL, NULL, N'Admin', CAST(0x0000ABAE001174A5 AS DateTime), N'Admin', CAST(0x0000ABAE001174A5 AS DateTime), 1, 0)
INSERT [dbo].[TB_M_LOCATION] ([ID_TB_M_LOCATION], [ID_TB_M_AREA], [LOC_CD], [LOC_NAME], [LONG], [LAT], [WIDE], [POINT], [CREATE_BY], [CREATE_DT], [UPDATE_BY], [UPDATE_DT], [STATUS], [IS_DELETED]) VALUES (8, 5, N'P2WLD', N'Welding', NULL, NULL, NULL, NULL, N'Admin', CAST(0x0000ABAE0011B378 AS DateTime), N'Admin', CAST(0x0000ABAE0011B378 AS DateTime), 1, 0)
INSERT [dbo].[TB_M_LOCATION] ([ID_TB_M_LOCATION], [ID_TB_M_AREA], [LOC_CD], [LOC_NAME], [LONG], [LAT], [WIDE], [POINT], [CREATE_BY], [CREATE_DT], [UPDATE_BY], [UPDATE_DT], [STATUS], [IS_DELETED]) VALUES (9, 6, N'MCN3', N'Machining', NULL, NULL, NULL, NULL, N'Admin', CAST(0x0000ABAE0014432E AS DateTime), N'Admin', CAST(0x0000ABAE0014432E AS DateTime), 1, 0)
INSERT [dbo].[TB_M_LOCATION] ([ID_TB_M_LOCATION], [ID_TB_M_AREA], [LOC_CD], [LOC_NAME], [LONG], [LAT], [WIDE], [POINT], [CREATE_BY], [CREATE_DT], [UPDATE_BY], [UPDATE_DT], [STATUS], [IS_DELETED]) VALUES (10, 6, N'CST3', N'Casting', NULL, NULL, NULL, NULL, N'Admin', CAST(0x0000ABAE0014B895 AS DateTime), N'Admin', CAST(0x0000ABAE0014B895 AS DateTime), 1, 0)
INSERT [dbo].[TB_M_LOCATION] ([ID_TB_M_LOCATION], [ID_TB_M_AREA], [LOC_CD], [LOC_NAME], [LONG], [LAT], [WIDE], [POINT], [CREATE_BY], [CREATE_DT], [UPDATE_BY], [UPDATE_DT], [STATUS], [IS_DELETED]) VALUES (11, 8, N'PCK1', N'Packing', NULL, NULL, NULL, NULL, N'Admin', CAST(0x0000ABAF016006EC AS DateTime), N'Admin', CAST(0x0000ABAF016006EC AS DateTime), 1, 0)
INSERT [dbo].[TB_M_LOCATION] ([ID_TB_M_LOCATION], [ID_TB_M_AREA], [LOC_CD], [LOC_NAME], [LONG], [LAT], [WIDE], [POINT], [CREATE_BY], [CREATE_DT], [UPDATE_BY], [UPDATE_DT], [STATUS], [IS_DELETED]) VALUES (17, 12, N'11111', N'111', CAST(11111.00 AS Numeric(11, 2)), CAST(1111.00 AS Numeric(11, 2)), 111, N'1111', N'Admin', CAST(0x0000ABB000B64553 AS DateTime), N'Admin', CAST(0x0000ABD0002082BB AS DateTime), 1, 0)
INSERT [dbo].[TB_M_LOCATION] ([ID_TB_M_LOCATION], [ID_TB_M_AREA], [LOC_CD], [LOC_NAME], [LONG], [LAT], [WIDE], [POINT], [CREATE_BY], [CREATE_DT], [UPDATE_BY], [UPDATE_DT], [STATUS], [IS_DELETED]) VALUES (19, 18, N'ZXC', N'ZXC', CAST(32.00 AS Numeric(11, 2)), CAST(12.00 AS Numeric(11, 2)), 123, N'123', N'Admin', CAST(0x0000ABC001664A81 AS DateTime), N'Admin', CAST(0x0000ABC001664A81 AS DateTime), 1, 1)
INSERT [dbo].[TB_M_LOCATION] ([ID_TB_M_LOCATION], [ID_TB_M_AREA], [LOC_CD], [LOC_NAME], [LONG], [LAT], [WIDE], [POINT], [CREATE_BY], [CREATE_DT], [UPDATE_BY], [UPDATE_DT], [STATUS], [IS_DELETED]) VALUES (20, 5, N'qwez', N'123', CAST(5.00 AS Numeric(11, 2)), CAST(123.00 AS Numeric(11, 2)), 55, N'22', N'Admin', CAST(0x0000ABC9000A418C AS DateTime), N'Admin', CAST(0x0000ABC9000A6C4E AS DateTime), 1, 1)
INSERT [dbo].[TB_M_LOCATION] ([ID_TB_M_LOCATION], [ID_TB_M_AREA], [LOC_CD], [LOC_NAME], [LONG], [LAT], [WIDE], [POINT], [CREATE_BY], [CREATE_DT], [UPDATE_BY], [UPDATE_DT], [STATUS], [IS_DELETED]) VALUES (28, 6, N'haha', N'hahaha', CAST(5.00 AS Numeric(11, 2)), CAST(5.00 AS Numeric(11, 2)), 5, N'5', N'Admin', CAST(0x0000ABCD0096740D AS DateTime), N'Admin', CAST(0x0000ABCD00969762 AS DateTime), 1, 1)
INSERT [dbo].[TB_M_LOCATION] ([ID_TB_M_LOCATION], [ID_TB_M_AREA], [LOC_CD], [LOC_NAME], [LONG], [LAT], [WIDE], [POINT], [CREATE_BY], [CREATE_DT], [UPDATE_BY], [UPDATE_DT], [STATUS], [IS_DELETED]) VALUES (29, 7, N'12', N'Dare', CAST(12.00 AS Numeric(11, 2)), CAST(123.00 AS Numeric(11, 2)), 12, N'123cc', N'Admin', CAST(0x0000ABCD00F124AC AS DateTime), N'Admin', CAST(0x0000ABCE015DAE7A AS DateTime), 1, 0)
INSERT [dbo].[TB_M_LOCATION] ([ID_TB_M_LOCATION], [ID_TB_M_AREA], [LOC_CD], [LOC_NAME], [LONG], [LAT], [WIDE], [POINT], [CREATE_BY], [CREATE_DT], [UPDATE_BY], [UPDATE_DT], [STATUS], [IS_DELETED]) VALUES (48, 12, N'10', N'12', CAST(12.00 AS Numeric(11, 2)), CAST(12.00 AS Numeric(11, 2)), 100, N'', N'Admin', CAST(0x0000ABCE00A00643 AS DateTime), N'Admin', CAST(0x0000ABCE00AC263C AS DateTime), 1, 0)
INSERT [dbo].[TB_M_LOCATION] ([ID_TB_M_LOCATION], [ID_TB_M_AREA], [LOC_CD], [LOC_NAME], [LONG], [LAT], [WIDE], [POINT], [CREATE_BY], [CREATE_DT], [UPDATE_BY], [UPDATE_DT], [STATUS], [IS_DELETED]) VALUES (55, 6, N'KL002', N'Job', CAST(34.00 AS Numeric(11, 2)), CAST(34.00 AS Numeric(11, 2)), 34, N'100', N'Admin', CAST(0x0000ABCE00A6E197 AS DateTime), N'Admin', CAST(0x0000ABCE00A9C00E AS DateTime), 1, 1)
INSERT [dbo].[TB_M_LOCATION] ([ID_TB_M_LOCATION], [ID_TB_M_AREA], [LOC_CD], [LOC_NAME], [LONG], [LAT], [WIDE], [POINT], [CREATE_BY], [CREATE_DT], [UPDATE_BY], [UPDATE_DT], [STATUS], [IS_DELETED]) VALUES (58, 6, N'12', N'12', CAST(12.00 AS Numeric(11, 2)), CAST(12.00 AS Numeric(11, 2)), 12, N'', N'Admin', CAST(0x0000ABCE00AE4963 AS DateTime), N'Admin', CAST(0x0000ABCE00AE66E2 AS DateTime), 1, 1)
INSERT [dbo].[TB_M_LOCATION] ([ID_TB_M_LOCATION], [ID_TB_M_AREA], [LOC_CD], [LOC_NAME], [LONG], [LAT], [WIDE], [POINT], [CREATE_BY], [CREATE_DT], [UPDATE_BY], [UPDATE_DT], [STATUS], [IS_DELETED]) VALUES (65, 7, N'15000', N'Yey', CAST(12.00 AS Numeric(11, 2)), CAST(12.00 AS Numeric(11, 2)), 1100, N'', N'Admin', CAST(0x0000ABCE00C0720B AS DateTime), N'Admin', CAST(0x0000ABCE00E6BB3D AS DateTime), 1, 0)
INSERT [dbo].[TB_M_LOCATION] ([ID_TB_M_LOCATION], [ID_TB_M_AREA], [LOC_CD], [LOC_NAME], [LONG], [LAT], [WIDE], [POINT], [CREATE_BY], [CREATE_DT], [UPDATE_BY], [UPDATE_DT], [STATUS], [IS_DELETED]) VALUES (71, 55, N'45', N'qw', CAST(12.00 AS Numeric(11, 2)), CAST(12.00 AS Numeric(11, 2)), 0, N'', N'Admin', CAST(0x0000ABCE01078E38 AS DateTime), N'Admin', CAST(0x0000ABCE01078E38 AS DateTime), 1, 1)
INSERT [dbo].[TB_M_LOCATION] ([ID_TB_M_LOCATION], [ID_TB_M_AREA], [LOC_CD], [LOC_NAME], [LONG], [LAT], [WIDE], [POINT], [CREATE_BY], [CREATE_DT], [UPDATE_BY], [UPDATE_DT], [STATUS], [IS_DELETED]) VALUES (79, 5, NULL, N'asdas', NULL, NULL, NULL, NULL, N'Admin', CAST(0x0000ABD0001C700E AS DateTime), N'Admin', CAST(0x0000ABD0001C700E AS DateTime), NULL, NULL)
INSERT [dbo].[TB_M_LOCATION] ([ID_TB_M_LOCATION], [ID_TB_M_AREA], [LOC_CD], [LOC_NAME], [LONG], [LAT], [WIDE], [POINT], [CREATE_BY], [CREATE_DT], [UPDATE_BY], [UPDATE_DT], [STATUS], [IS_DELETED]) VALUES (81, 7, N'zxc', N'zxc', NULL, NULL, NULL, NULL, N'Admin', CAST(0x0000ABD0001CEB9A AS DateTime), N'Admin', CAST(0x0000ABD0001CEB9A AS DateTime), NULL, NULL)
INSERT [dbo].[TB_M_LOCATION] ([ID_TB_M_LOCATION], [ID_TB_M_AREA], [LOC_CD], [LOC_NAME], [LONG], [LAT], [WIDE], [POINT], [CREATE_BY], [CREATE_DT], [UPDATE_BY], [UPDATE_DT], [STATUS], [IS_DELETED]) VALUES (82, 5, N'zxczxc', N'zxczxczx', NULL, NULL, NULL, NULL, N'Admin', CAST(0x0000ABD0001D1DF1 AS DateTime), N'Admin', CAST(0x0000ABD0001D1DF1 AS DateTime), NULL, NULL)
INSERT [dbo].[TB_M_LOCATION] ([ID_TB_M_LOCATION], [ID_TB_M_AREA], [LOC_CD], [LOC_NAME], [LONG], [LAT], [WIDE], [POINT], [CREATE_BY], [CREATE_DT], [UPDATE_BY], [UPDATE_DT], [STATUS], [IS_DELETED]) VALUES (89, 5, N'asdasd', N'asdadas', NULL, NULL, NULL, NULL, N'Admin', CAST(0x0000ABD0001F945B AS DateTime), N'Admin', CAST(0x0000ABD0001F945B AS DateTime), 1, 1)
INSERT [dbo].[TB_M_LOCATION] ([ID_TB_M_LOCATION], [ID_TB_M_AREA], [LOC_CD], [LOC_NAME], [LONG], [LAT], [WIDE], [POINT], [CREATE_BY], [CREATE_DT], [UPDATE_BY], [UPDATE_DT], [STATUS], [IS_DELETED]) VALUES (90, 5, N'bvcxz', N'bvcxz', CAST(0.00 AS Numeric(11, 2)), CAST(0.00 AS Numeric(11, 2)), 0, N'0', N'Admin', CAST(0x0000ABD000202BE9 AS DateTime), N'Admin', CAST(0x0000ABD000202BE9 AS DateTime), 1, 1)
INSERT [dbo].[TB_M_LOCATION] ([ID_TB_M_LOCATION], [ID_TB_M_AREA], [LOC_CD], [LOC_NAME], [LONG], [LAT], [WIDE], [POINT], [CREATE_BY], [CREATE_DT], [UPDATE_BY], [UPDATE_DT], [STATUS], [IS_DELETED]) VALUES (91, 5, N'zzzbbbb', N'zxcaaa', CAST(12.00 AS Numeric(11, 2)), CAST(2.00 AS Numeric(11, 2)), 1, N'4', N'Admin', CAST(0x0000ABD0002045D3 AS DateTime), N'Admin', CAST(0x0000ABD0002045D3 AS DateTime), 1, 1)
INSERT [dbo].[TB_M_LOCATION] ([ID_TB_M_LOCATION], [ID_TB_M_AREA], [LOC_CD], [LOC_NAME], [LONG], [LAT], [WIDE], [POINT], [CREATE_BY], [CREATE_DT], [UPDATE_BY], [UPDATE_DT], [STATUS], [IS_DELETED]) VALUES (94, 11, N'zxczzxczxc', N'zxczxczxczx', CAST(0.00 AS Numeric(11, 2)), CAST(0.00 AS Numeric(11, 2)), 0, N'0', N'Admin', CAST(0x0000ABD000A1DF1A AS DateTime), N'Admin', CAST(0x0000ABD000A1DF1A AS DateTime), 1, 0)
SET IDENTITY_INSERT [dbo].[TB_M_LOCATION] OFF
SET IDENTITY_INSERT [dbo].[TB_M_MESSAGE] ON 

INSERT [dbo].[TB_M_MESSAGE] ([ID_TB_M_MESSAGE], [MSG_ID], [MSG_TEXT], [MSG_TYPE]) VALUES (1, N'MWP001', N'Data {0} has been Saved', N'Info')
INSERT [dbo].[TB_M_MESSAGE] ([ID_TB_M_MESSAGE], [MSG_ID], [MSG_TEXT], [MSG_TYPE]) VALUES (2, N'MWP002', N'Data {0} has been Deleted', N'Info')
INSERT [dbo].[TB_M_MESSAGE] ([ID_TB_M_MESSAGE], [MSG_ID], [MSG_TEXT], [MSG_TYPE]) VALUES (3, N'MWP003', N'Data {0} has been Updated', N'Info')
INSERT [dbo].[TB_M_MESSAGE] ([ID_TB_M_MESSAGE], [MSG_ID], [MSG_TEXT], [MSG_TYPE]) VALUES (4, N'MWP004', N'Data {0} has been Registered', N'Warning')
INSERT [dbo].[TB_M_MESSAGE] ([ID_TB_M_MESSAGE], [MSG_ID], [MSG_TEXT], [MSG_TYPE]) VALUES (5, N'MWP005', N'Are you want to Save data?', N'Confirm')
INSERT [dbo].[TB_M_MESSAGE] ([ID_TB_M_MESSAGE], [MSG_ID], [MSG_TEXT], [MSG_TYPE]) VALUES (7, N'MWP006', N'Are you sure want to Delete this data ?', N'Confirm')
INSERT [dbo].[TB_M_MESSAGE] ([ID_TB_M_MESSAGE], [MSG_ID], [MSG_TEXT], [MSG_TYPE]) VALUES (8, N'MWP007', N'Area you sure want to Update this data?', N'Confirm')
INSERT [dbo].[TB_M_MESSAGE] ([ID_TB_M_MESSAGE], [MSG_ID], [MSG_TEXT], [MSG_TYPE]) VALUES (9, N'MWP008', N'Data {0} Cannot be Empty', N'Warning')
INSERT [dbo].[TB_M_MESSAGE] ([ID_TB_M_MESSAGE], [MSG_ID], [MSG_TEXT], [MSG_TYPE]) VALUES (10, N'MWP009', N'Data {0} Cannot be Deleted', N'Warning')
INSERT [dbo].[TB_M_MESSAGE] ([ID_TB_M_MESSAGE], [MSG_ID], [MSG_TEXT], [MSG_TYPE]) VALUES (11, N'MWP010', N'Please Include @ in the Email Address', N'Warning')
INSERT [dbo].[TB_M_MESSAGE] ([ID_TB_M_MESSAGE], [MSG_ID], [MSG_TEXT], [MSG_TYPE]) VALUES (15, N'MWP011', N'File Extension {0} not accepted, Please use image file', N'Warning')
INSERT [dbo].[TB_M_MESSAGE] ([ID_TB_M_MESSAGE], [MSG_ID], [MSG_TEXT], [MSG_TYPE]) VALUES (16, N'MWP012', N'Select One or More record to Delete', N'Warning')
INSERT [dbo].[TB_M_MESSAGE] ([ID_TB_M_MESSAGE], [MSG_ID], [MSG_TEXT], [MSG_TYPE]) VALUES (17, N'MWP013', N'{0} Invalid Length {1}, it should be {2}', NULL)
INSERT [dbo].[TB_M_MESSAGE] ([ID_TB_M_MESSAGE], [MSG_ID], [MSG_TEXT], [MSG_TYPE]) VALUES (18, N'MWP015', N'Please, select one records', NULL)
INSERT [dbo].[TB_M_MESSAGE] ([ID_TB_M_MESSAGE], [MSG_ID], [MSG_TEXT], [MSG_TYPE]) VALUES (19, N'MWP016', N'Duplicate data {0}', NULL)
SET IDENTITY_INSERT [dbo].[TB_M_MESSAGE] OFF
INSERT [dbo].[TB_M_PLANT] ([PLANT_CD], [PLANT_NM], [PLANT_DESC]) VALUES (N'1', NULL, N'TMMIN PLANT 1')
INSERT [dbo].[TB_M_PLANT] ([PLANT_CD], [PLANT_NM], [PLANT_DESC]) VALUES (N'2', NULL, N'TMMIN PLANT 2')
INSERT [dbo].[TB_M_PLANT] ([PLANT_CD], [PLANT_NM], [PLANT_DESC]) VALUES (N'3', NULL, N'TMMIN PLANT 3')
SET IDENTITY_INSERT [dbo].[TB_M_ROLE] ON 

INSERT [dbo].[TB_M_ROLE] ([ID_TB_M_ROLE], [ID_TB_M_AUTHORIZATION_FUNCTION], [ROLE_NAME], [ROLE_DESC], [SESSION_TIME_OUT], [LOCK_TIME_OUT], [ROLE_ST], [CREATED_BY], [CREATED_DT], [UPDATED_BY], [UPDATED_DT], [IS_DELETED]) VALUES (2, NULL, N'zxc', N'zxc', 1, 2, 1, N'Admin', CAST(0x0000ABB500BB3E4D AS DateTime), N'Admin', CAST(0x0000ABB500BB3E4D AS DateTime), NULL)
INSERT [dbo].[TB_M_ROLE] ([ID_TB_M_ROLE], [ID_TB_M_AUTHORIZATION_FUNCTION], [ROLE_NAME], [ROLE_DESC], [SESSION_TIME_OUT], [LOCK_TIME_OUT], [ROLE_ST], [CREATED_BY], [CREATED_DT], [UPDATED_BY], [UPDATED_DT], [IS_DELETED]) VALUES (4, N'5', N'Admin', N'Admin Role', 60, 60, 1, N'Admin', CAST(0x0000ABCA0006AA03 AS DateTime), N'Admin', CAST(0x0000ABCA0006AA03 AS DateTime), 0)
SET IDENTITY_INSERT [dbo].[TB_M_ROLE] OFF
SET IDENTITY_INSERT [dbo].[TB_M_SEQ_NUMBER] ON 

INSERT [dbo].[TB_M_SEQ_NUMBER] ([ID], [TYPE_TRX], [YEAR_TRX], [MONTH_TRX], [SEQ_NUMBER], [CREATED_BY], [CREATED_DT]) VALUES (1, N'PROJECT_CODE', 2020, 5, 13, N'DEV', CAST(0x0000ABCA00B44ADB AS DateTime))
INSERT [dbo].[TB_M_SEQ_NUMBER] ([ID], [TYPE_TRX], [YEAR_TRX], [MONTH_TRX], [SEQ_NUMBER], [CREATED_BY], [CREATED_DT]) VALUES (2, N'IMPB_NUMBER', 2020, 5, 1, N'DEV', CAST(0x0000ABCA00B4AD6E AS DateTime))
INSERT [dbo].[TB_M_SEQ_NUMBER] ([ID], [TYPE_TRX], [YEAR_TRX], [MONTH_TRX], [SEQ_NUMBER], [CREATED_BY], [CREATED_DT]) VALUES (3, N'PROJECT_CODE', 2020, 6, 5, N'Admin', CAST(0x0000ABCD0077F20B AS DateTime))
SET IDENTITY_INSERT [dbo].[TB_M_SEQ_NUMBER] OFF
INSERT [dbo].[TB_M_SYSTEM] ([SYSTEM_ID], [SYSTEM_TYPE], [SYSTEM_CD], [SYSTEM_VALID_FR], [SYSTEM_VALID_TO], [SYSTEM_VALUE_TXT], [SYSTEM_VALUE_NUM], [SYSTEM_VALUE_DT], [CREATED_BY], [CREATED_DT], [CHANGED_BY], [CHANGED_DT], [IS_DELETED]) VALUES (N'WP_LOC', N'Location', N'TMMIN', CAST(0x0000AB5500000000 AS DateTime), CAST(0x0000AB5500000000 AS DateTime), N'TMMIN', 20, CAST(0x0000AB5500000000 AS DateTime), N'SYSTEM', CAST(0x0000AB5500000000 AS DateTime), N'SYSTEM', CAST(0x0000AB5500000000 AS DateTime), 0)
INSERT [dbo].[TB_M_SYSTEM] ([SYSTEM_ID], [SYSTEM_TYPE], [SYSTEM_CD], [SYSTEM_VALID_FR], [SYSTEM_VALID_TO], [SYSTEM_VALUE_TXT], [SYSTEM_VALUE_NUM], [SYSTEM_VALUE_DT], [CREATED_BY], [CREATED_DT], [CHANGED_BY], [CHANGED_DT], [IS_DELETED]) VALUES (N'WP_LOC', N'TAM', N'TAM', CAST(0x0000AB5500000000 AS DateTime), CAST(0x0000AB5500000000 AS DateTime), N'TAM', 20, CAST(0x0000AB5500000000 AS DateTime), N'SYSTEM', CAST(0x0000AB5500000000 AS DateTime), N'Admin', CAST(0x0000ABAF0163F518 AS DateTime), 0)
INSERT [dbo].[TB_M_SYSTEM] ([SYSTEM_ID], [SYSTEM_TYPE], [SYSTEM_CD], [SYSTEM_VALID_FR], [SYSTEM_VALID_TO], [SYSTEM_VALUE_TXT], [SYSTEM_VALUE_NUM], [SYSTEM_VALUE_DT], [CREATED_BY], [CREATED_DT], [CHANGED_BY], [CHANGED_DT], [IS_DELETED]) VALUES (N'WP_IDENTITY_TYPE', N'KTP', N'ID', CAST(0x0000AB3500000000 AS DateTime), CAST(0x0000AB3500000000 AS DateTime), N'Kartu Tanda Penduduk', 1, CAST(0x0000AB3500000000 AS DateTime), N'Admin', CAST(0x0000ABB201782828 AS DateTime), N'Admin', CAST(0x0000ABB201788E8F AS DateTime), 0)
INSERT [dbo].[TB_M_SYSTEM] ([SYSTEM_ID], [SYSTEM_TYPE], [SYSTEM_CD], [SYSTEM_VALID_FR], [SYSTEM_VALID_TO], [SYSTEM_VALUE_TXT], [SYSTEM_VALUE_NUM], [SYSTEM_VALUE_DT], [CREATED_BY], [CREATED_DT], [CHANGED_BY], [CHANGED_DT], [IS_DELETED]) VALUES (N'WP_IDENTITY_TYPE', N'SIM', N'ID', CAST(0x0000AB3500000000 AS DateTime), CAST(0x0000AB3500000000 AS DateTime), N'Surat Izin Mengemudi', 0, CAST(0x0000AB3500000000 AS DateTime), N'Admin', CAST(0x0000ABB20178FB21 AS DateTime), N'Admin', CAST(0x0000ABB20178FB21 AS DateTime), 0)
INSERT [dbo].[TB_M_SYSTEM] ([SYSTEM_ID], [SYSTEM_TYPE], [SYSTEM_CD], [SYSTEM_VALID_FR], [SYSTEM_VALID_TO], [SYSTEM_VALUE_TXT], [SYSTEM_VALUE_NUM], [SYSTEM_VALUE_DT], [CREATED_BY], [CREATED_DT], [CHANGED_BY], [CHANGED_DT], [IS_DELETED]) VALUES (N'WP_EMPLOYEE_SECTION', N'ISTD', N'TMMIN', CAST(0x0000AB3500000000 AS DateTime), CAST(0x0000AB3500000000 AS DateTime), N'ISTD', 1, CAST(0x0000AB3500000000 AS DateTime), N'Admin', CAST(0x0000ABB2017D159B AS DateTime), N'Admin', CAST(0x0000ABCE015306BE AS DateTime), 0)
INSERT [dbo].[TB_M_SYSTEM] ([SYSTEM_ID], [SYSTEM_TYPE], [SYSTEM_CD], [SYSTEM_VALID_FR], [SYSTEM_VALID_TO], [SYSTEM_VALUE_TXT], [SYSTEM_VALUE_NUM], [SYSTEM_VALUE_DT], [CREATED_BY], [CREATED_DT], [CHANGED_BY], [CHANGED_DT], [IS_DELETED]) VALUES (N'WP_EMPLOYEE_SECTION', N'HRD', N'TMMIN', CAST(0x0000AB3500000000 AS DateTime), CAST(0x0000AB3500000000 AS DateTime), N'HRD', 0, CAST(0x0000AB3500000000 AS DateTime), N'Admin', CAST(0x0000ABB2017D608A AS DateTime), N'Admin', CAST(0x0000ABB2017D608A AS DateTime), 0)
INSERT [dbo].[TB_M_SYSTEM] ([SYSTEM_ID], [SYSTEM_TYPE], [SYSTEM_CD], [SYSTEM_VALID_FR], [SYSTEM_VALID_TO], [SYSTEM_VALUE_TXT], [SYSTEM_VALUE_NUM], [SYSTEM_VALUE_DT], [CREATED_BY], [CREATED_DT], [CHANGED_BY], [CHANGED_DT], [IS_DELETED]) VALUES (N'WP_EMPLOYEE_SECTION', N'RIB', N'CONTRACTOR', CAST(0x0000AB3500000000 AS DateTime), CAST(0x0000AB3500000000 AS DateTime), N'GENERAL', 0, CAST(0x0000ACA300000000 AS DateTime), N'Admin', CAST(0x0000ABB2017DC29D AS DateTime), N'Admin', CAST(0x0000ABB7018A2CAE AS DateTime), 0)
INSERT [dbo].[TB_M_SYSTEM] ([SYSTEM_ID], [SYSTEM_TYPE], [SYSTEM_CD], [SYSTEM_VALID_FR], [SYSTEM_VALID_TO], [SYSTEM_VALUE_TXT], [SYSTEM_VALUE_NUM], [SYSTEM_VALUE_DT], [CREATED_BY], [CREATED_DT], [CHANGED_BY], [CHANGED_DT], [IS_DELETED]) VALUES (N'WP_STATUS', N'New', N'1', CAST(0x0000AB9000000000 AS DateTime), CAST(0x0000ABCC00000000 AS DateTime), N'New', 1, CAST(0x0000ABB700000000 AS DateTime), N'Admin', CAST(0x0000ABB70174CFFD AS DateTime), N'Admin', CAST(0x0000ABB70174CFFD AS DateTime), 0)
INSERT [dbo].[TB_M_SYSTEM] ([SYSTEM_ID], [SYSTEM_TYPE], [SYSTEM_CD], [SYSTEM_VALID_FR], [SYSTEM_VALID_TO], [SYSTEM_VALUE_TXT], [SYSTEM_VALUE_NUM], [SYSTEM_VALUE_DT], [CREATED_BY], [CREATED_DT], [CHANGED_BY], [CHANGED_DT], [IS_DELETED]) VALUES (N'WP_STATUS', N'Extend', N'2', CAST(0x0000ABAE00000000 AS DateTime), CAST(0x0000ABCC00000000 AS DateTime), N'Extend', 2, CAST(0x0000AB3500000000 AS DateTime), N'Admin', CAST(0x0000ABB70174ED4F AS DateTime), N'Admin', CAST(0x0000ABB70174ED4F AS DateTime), 0)
INSERT [dbo].[TB_M_SYSTEM] ([SYSTEM_ID], [SYSTEM_TYPE], [SYSTEM_CD], [SYSTEM_VALID_FR], [SYSTEM_VALID_TO], [SYSTEM_VALUE_TXT], [SYSTEM_VALUE_NUM], [SYSTEM_VALUE_DT], [CREATED_BY], [CREATED_DT], [CHANGED_BY], [CHANGED_DT], [IS_DELETED]) VALUES (N'WP_EMPLOYEE_PIC', N'PMP', N'PICSTATSUS', CAST(0x0000ABB700000000 AS DateTime), CAST(0x0000AE0E00000000 AS DateTime), N'PIMPINAN', 0, CAST(0x0000000000000000 AS DateTime), N'Admin', CAST(0x0000ABB7018B332C AS DateTime), N'Admin', CAST(0x0000ABB7018B332C AS DateTime), 0)
INSERT [dbo].[TB_M_SYSTEM] ([SYSTEM_ID], [SYSTEM_TYPE], [SYSTEM_CD], [SYSTEM_VALID_FR], [SYSTEM_VALID_TO], [SYSTEM_VALUE_TXT], [SYSTEM_VALUE_NUM], [SYSTEM_VALUE_DT], [CREATED_BY], [CREATED_DT], [CHANGED_BY], [CHANGED_DT], [IS_DELETED]) VALUES (N'WP_EMPLOYEE_PIC', N'PNG', N'PICSTATSUS', CAST(0x0000ABB700000000 AS DateTime), CAST(0x0000ACFC00000000 AS DateTime), N'PENGAWAS', 0, CAST(0x0000ABB700000000 AS DateTime), N'Admin', CAST(0x0000ABB800000620 AS DateTime), N'Admin', CAST(0x0000ABB800000620 AS DateTime), 0)
INSERT [dbo].[TB_M_SYSTEM] ([SYSTEM_ID], [SYSTEM_TYPE], [SYSTEM_CD], [SYSTEM_VALID_FR], [SYSTEM_VALID_TO], [SYSTEM_VALUE_TXT], [SYSTEM_VALUE_NUM], [SYSTEM_VALUE_DT], [CREATED_BY], [CREATED_DT], [CHANGED_BY], [CHANGED_DT], [IS_DELETED]) VALUES (N'WP_EMPLOYEE_PIC', N'MEM', N'PICSTATSUS', CAST(0x0000ABB800000000 AS DateTime), CAST(0x0000ADF000000000 AS DateTime), N'MEMBER', 0, CAST(0x0000ABB800000000 AS DateTime), N'Admin', CAST(0x0000ABB8000069C6 AS DateTime), N'Admin', CAST(0x0000ABB8000069C6 AS DateTime), 0)
INSERT [dbo].[TB_M_SYSTEM] ([SYSTEM_ID], [SYSTEM_TYPE], [SYSTEM_CD], [SYSTEM_VALID_FR], [SYSTEM_VALID_TO], [SYSTEM_VALUE_TXT], [SYSTEM_VALUE_NUM], [SYSTEM_VALUE_DT], [CREATED_BY], [CREATED_DT], [CHANGED_BY], [CHANGED_DT], [IS_DELETED]) VALUES (N'CD', N'Type Code 1', N'2', CAST(0x0000ABBC00000000 AS DateTime), CAST(0x0000ABBC00000000 AS DateTime), N'Code 1', 2, CAST(0x0000ABBC00000000 AS DateTime), N'Admin', CAST(0x0000ABBC0058156C AS DateTime), N'Admin', CAST(0x0000ABBC0058F677 AS DateTime), 1)
INSERT [dbo].[TB_M_SYSTEM] ([SYSTEM_ID], [SYSTEM_TYPE], [SYSTEM_CD], [SYSTEM_VALID_FR], [SYSTEM_VALID_TO], [SYSTEM_VALUE_TXT], [SYSTEM_VALUE_NUM], [SYSTEM_VALUE_DT], [CREATED_BY], [CREATED_DT], [CHANGED_BY], [CHANGED_DT], [IS_DELETED]) VALUES (N'WP_WORKING_HOURS', N'SHIFT1', N'SHIFT1', CAST(0x0000000000000000 AS DateTime), CAST(0x0000000000000000 AS DateTime), N'08:00 - 13:00', 1, CAST(0x0000000000000000 AS DateTime), N'Admin', CAST(0x0000ABBE00A54830 AS DateTime), N'Admin', CAST(0x0000ABBE00A5DDAC AS DateTime), 0)
INSERT [dbo].[TB_M_SYSTEM] ([SYSTEM_ID], [SYSTEM_TYPE], [SYSTEM_CD], [SYSTEM_VALID_FR], [SYSTEM_VALID_TO], [SYSTEM_VALUE_TXT], [SYSTEM_VALUE_NUM], [SYSTEM_VALUE_DT], [CREATED_BY], [CREATED_DT], [CHANGED_BY], [CHANGED_DT], [IS_DELETED]) VALUES (N'WP_WORKING_HOURS', N'SHIFT2', N'SHIFT2', CAST(0x0000000000000000 AS DateTime), CAST(0x0000000000000000 AS DateTime), N'13:01 - 18:00', 2, CAST(0x0000000000000000 AS DateTime), N'Admin', CAST(0x0000ABBE00A5FF54 AS DateTime), N'Admin', CAST(0x0000ABBE00A5FF54 AS DateTime), 0)
INSERT [dbo].[TB_M_SYSTEM] ([SYSTEM_ID], [SYSTEM_TYPE], [SYSTEM_CD], [SYSTEM_VALID_FR], [SYSTEM_VALID_TO], [SYSTEM_VALUE_TXT], [SYSTEM_VALUE_NUM], [SYSTEM_VALUE_DT], [CREATED_BY], [CREATED_DT], [CHANGED_BY], [CHANGED_DT], [IS_DELETED]) VALUES (N'WP_WORKING_HOURS', N'SHIFT3', N'SHIFT3', CAST(0x0000000000000000 AS DateTime), CAST(0x0000000000000000 AS DateTime), N'18:01 - 23:00', 3, CAST(0x0000000000000000 AS DateTime), N'Admin', CAST(0x0000ABBE00A62105 AS DateTime), N'Admin', CAST(0x0000ABBE00A62105 AS DateTime), 0)
INSERT [dbo].[TB_M_SYSTEM] ([SYSTEM_ID], [SYSTEM_TYPE], [SYSTEM_CD], [SYSTEM_VALID_FR], [SYSTEM_VALID_TO], [SYSTEM_VALUE_TXT], [SYSTEM_VALUE_NUM], [SYSTEM_VALUE_DT], [CREATED_BY], [CREATED_DT], [CHANGED_BY], [CHANGED_DT], [IS_DELETED]) VALUES (N'WP_DIV', N'GAS', N'CD', CAST(0x0000AB3500000000 AS DateTime), CAST(0x0000AB3500000000 AS DateTime), N'GAS', 12, CAST(0x0000AB3500000000 AS DateTime), N'Admin', CAST(0x0000ABC8017F9AA6 AS DateTime), N'Admin', CAST(0x0000ABC900030932 AS DateTime), 1)
INSERT [dbo].[TB_M_SYSTEM] ([SYSTEM_ID], [SYSTEM_TYPE], [SYSTEM_CD], [SYSTEM_VALID_FR], [SYSTEM_VALID_TO], [SYSTEM_VALUE_TXT], [SYSTEM_VALUE_NUM], [SYSTEM_VALUE_DT], [CREATED_BY], [CREATED_DT], [CHANGED_BY], [CHANGED_DT], [IS_DELETED]) VALUES (N'WP_DIV', N'NEWz', N'NEW', CAST(0x0000AB3500000000 AS DateTime), CAST(0x0000AB3500000000 AS DateTime), N'NEw', 123, CAST(0x0000AB3500000000 AS DateTime), N'Admin', CAST(0x0000ABC900046F9E AS DateTime), N'Admin', CAST(0x0000ABC90004A45D AS DateTime), 1)
INSERT [dbo].[TB_M_SYSTEM] ([SYSTEM_ID], [SYSTEM_TYPE], [SYSTEM_CD], [SYSTEM_VALID_FR], [SYSTEM_VALID_TO], [SYSTEM_VALUE_TXT], [SYSTEM_VALUE_NUM], [SYSTEM_VALUE_DT], [CREATED_BY], [CREATED_DT], [CHANGED_BY], [CHANGED_DT], [IS_DELETED]) VALUES (N'WP_MENU', N'WP01001', N'WP01001', CAST(0x0000AB3500000000 AS DateTime), CAST(0x0000ACA200000000 AS DateTime), N'System Master', 0, CAST(0x0000AB3500000000 AS DateTime), N'Admin', CAST(0x0000ABC9001B8737 AS DateTime), N'Admin', CAST(0x0000ABC9001B8737 AS DateTime), 0)
INSERT [dbo].[TB_M_SYSTEM] ([SYSTEM_ID], [SYSTEM_TYPE], [SYSTEM_CD], [SYSTEM_VALID_FR], [SYSTEM_VALID_TO], [SYSTEM_VALUE_TXT], [SYSTEM_VALUE_NUM], [SYSTEM_VALUE_DT], [CREATED_BY], [CREATED_DT], [CHANGED_BY], [CHANGED_DT], [IS_DELETED]) VALUES (N'WP_MENU', N'WP01002', N'WP01002', CAST(0x0000AB3500000000 AS DateTime), CAST(0x0000ACA200000000 AS DateTime), N'Area Master', 0, CAST(0x0000AB3500000000 AS DateTime), N'Admin', CAST(0x0000ABC9001B8737 AS DateTime), N'Admin', CAST(0x0000ABC9001B8737 AS DateTime), 0)
INSERT [dbo].[TB_M_SYSTEM] ([SYSTEM_ID], [SYSTEM_TYPE], [SYSTEM_CD], [SYSTEM_VALID_FR], [SYSTEM_VALID_TO], [SYSTEM_VALUE_TXT], [SYSTEM_VALUE_NUM], [SYSTEM_VALUE_DT], [CREATED_BY], [CREATED_DT], [CHANGED_BY], [CHANGED_DT], [IS_DELETED]) VALUES (N'WP_MENU', N'WP01003', N'WP01003', CAST(0x0000AB3500000000 AS DateTime), CAST(0x0000ACA200000000 AS DateTime), N'Location Master', 0, CAST(0x0000AB3500000000 AS DateTime), N'Admin', CAST(0x0000ABC9001B8737 AS DateTime), N'Admin', CAST(0x0000ABC9001B8737 AS DateTime), 0)
INSERT [dbo].[TB_M_SYSTEM] ([SYSTEM_ID], [SYSTEM_TYPE], [SYSTEM_CD], [SYSTEM_VALID_FR], [SYSTEM_VALID_TO], [SYSTEM_VALUE_TXT], [SYSTEM_VALUE_NUM], [SYSTEM_VALUE_DT], [CREATED_BY], [CREATED_DT], [CHANGED_BY], [CHANGED_DT], [IS_DELETED]) VALUES (N'WP_MENU', N'WP01004', N'WP01004', CAST(0x0000AB3500000000 AS DateTime), CAST(0x0000ACA200000000 AS DateTime), N'Working Master', 0, CAST(0x0000AB3500000000 AS DateTime), N'Admin', CAST(0x0000ABC9001B8737 AS DateTime), N'Admin', CAST(0x0000ABC9001B8737 AS DateTime), 0)
INSERT [dbo].[TB_M_SYSTEM] ([SYSTEM_ID], [SYSTEM_TYPE], [SYSTEM_CD], [SYSTEM_VALID_FR], [SYSTEM_VALID_TO], [SYSTEM_VALUE_TXT], [SYSTEM_VALUE_NUM], [SYSTEM_VALUE_DT], [CREATED_BY], [CREATED_DT], [CHANGED_BY], [CHANGED_DT], [IS_DELETED]) VALUES (N'WP_MENU', N'WP01005', N'WP01005', CAST(0x0000AB3500000000 AS DateTime), CAST(0x0000ACA200000000 AS DateTime), N'Worker Master', 0, CAST(0x0000AB3500000000 AS DateTime), N'Admin', CAST(0x0000ABC9001B8737 AS DateTime), N'Admin', CAST(0x0000ABC9001B8737 AS DateTime), 0)
INSERT [dbo].[TB_M_SYSTEM] ([SYSTEM_ID], [SYSTEM_TYPE], [SYSTEM_CD], [SYSTEM_VALID_FR], [SYSTEM_VALID_TO], [SYSTEM_VALUE_TXT], [SYSTEM_VALUE_NUM], [SYSTEM_VALUE_DT], [CREATED_BY], [CREATED_DT], [CHANGED_BY], [CHANGED_DT], [IS_DELETED]) VALUES (N'WP_MENU', N'WP01006', N'WP01006', CAST(0x0000AB3500000000 AS DateTime), CAST(0x0000ACA200000000 AS DateTime), N'Company Master', 0, CAST(0x0000AB3500000000 AS DateTime), N'Admin', CAST(0x0000ABC9001B8737 AS DateTime), N'Admin', CAST(0x0000ABC9001B8737 AS DateTime), 0)
INSERT [dbo].[TB_M_SYSTEM] ([SYSTEM_ID], [SYSTEM_TYPE], [SYSTEM_CD], [SYSTEM_VALID_FR], [SYSTEM_VALID_TO], [SYSTEM_VALUE_TXT], [SYSTEM_VALUE_NUM], [SYSTEM_VALUE_DT], [CREATED_BY], [CREATED_DT], [CHANGED_BY], [CHANGED_DT], [IS_DELETED]) VALUES (N'WP_MENU', N'WP01007', N'WP01007', CAST(0x0000AB3500000000 AS DateTime), CAST(0x0000ACA200000000 AS DateTime), N'Item Master', 0, CAST(0x0000AB3500000000 AS DateTime), N'Admin', CAST(0x0000ABC9001B8737 AS DateTime), N'Admin', CAST(0x0000ABC9001B8737 AS DateTime), 0)
INSERT [dbo].[TB_M_SYSTEM] ([SYSTEM_ID], [SYSTEM_TYPE], [SYSTEM_CD], [SYSTEM_VALID_FR], [SYSTEM_VALID_TO], [SYSTEM_VALUE_TXT], [SYSTEM_VALUE_NUM], [SYSTEM_VALUE_DT], [CREATED_BY], [CREATED_DT], [CHANGED_BY], [CHANGED_DT], [IS_DELETED]) VALUES (N'WP_MENU', N'WP02001', N'WP02001', CAST(0x0000AB3500000000 AS DateTime), CAST(0x0000ACA200000000 AS DateTime), N'Register Project', 0, CAST(0x0000AB3500000000 AS DateTime), N'Admin', CAST(0x0000ABC9001B8737 AS DateTime), N'Admin', CAST(0x0000ABC9001B8737 AS DateTime), 0)
INSERT [dbo].[TB_M_SYSTEM] ([SYSTEM_ID], [SYSTEM_TYPE], [SYSTEM_CD], [SYSTEM_VALID_FR], [SYSTEM_VALID_TO], [SYSTEM_VALUE_TXT], [SYSTEM_VALUE_NUM], [SYSTEM_VALUE_DT], [CREATED_BY], [CREATED_DT], [CHANGED_BY], [CHANGED_DT], [IS_DELETED]) VALUES (N'WP_LOC', N'PLANT2', N'PLANT@', CAST(0x0000AB5500000000 AS DateTime), CAST(0x0000AB5500000000 AS DateTime), N'PLANT2', 20, CAST(0x0000AB5500000000 AS DateTime), N'SYSTEM', CAST(0x0000AB5500000000 AS DateTime), N'SYSTEM', CAST(0x0000AB5500000000 AS DateTime), 0)
INSERT [dbo].[TB_M_SYSTEM] ([SYSTEM_ID], [SYSTEM_TYPE], [SYSTEM_CD], [SYSTEM_VALID_FR], [SYSTEM_VALID_TO], [SYSTEM_VALUE_TXT], [SYSTEM_VALUE_NUM], [SYSTEM_VALUE_DT], [CREATED_BY], [CREATED_DT], [CHANGED_BY], [CHANGED_DT], [IS_DELETED]) VALUES (N'WP_DIV', N'HRD', N'HRD', NULL, NULL, N'HRD', NULL, NULL, NULL, NULL, NULL, NULL, 0)
INSERT [dbo].[TB_M_SYSTEM] ([SYSTEM_ID], [SYSTEM_TYPE], [SYSTEM_CD], [SYSTEM_VALID_FR], [SYSTEM_VALID_TO], [SYSTEM_VALUE_TXT], [SYSTEM_VALUE_NUM], [SYSTEM_VALUE_DT], [CREATED_BY], [CREATED_DT], [CHANGED_BY], [CHANGED_DT], [IS_DELETED]) VALUES (N'WP_DIV', N'GA', N'GA', NULL, NULL, N'GA', NULL, NULL, NULL, NULL, NULL, NULL, 0)
INSERT [dbo].[TB_M_SYSTEM] ([SYSTEM_ID], [SYSTEM_TYPE], [SYSTEM_CD], [SYSTEM_VALID_FR], [SYSTEM_VALID_TO], [SYSTEM_VALUE_TXT], [SYSTEM_VALUE_NUM], [SYSTEM_VALUE_DT], [CREATED_BY], [CREATED_DT], [CHANGED_BY], [CHANGED_DT], [IS_DELETED]) VALUES (N'WP_JOBS', N'Operator', N'1', NULL, NULL, N'Operator', NULL, NULL, NULL, NULL, NULL, NULL, 0)
INSERT [dbo].[TB_M_SYSTEM] ([SYSTEM_ID], [SYSTEM_TYPE], [SYSTEM_CD], [SYSTEM_VALID_FR], [SYSTEM_VALID_TO], [SYSTEM_VALUE_TXT], [SYSTEM_VALUE_NUM], [SYSTEM_VALUE_DT], [CREATED_BY], [CREATED_DT], [CHANGED_BY], [CHANGED_DT], [IS_DELETED]) VALUES (N'WP_JOBS', N'Admin', N'2', NULL, NULL, N'Admin', NULL, NULL, NULL, NULL, NULL, NULL, 0)
INSERT [dbo].[TB_M_SYSTEM] ([SYSTEM_ID], [SYSTEM_TYPE], [SYSTEM_CD], [SYSTEM_VALID_FR], [SYSTEM_VALID_TO], [SYSTEM_VALUE_TXT], [SYSTEM_VALUE_NUM], [SYSTEM_VALUE_DT], [CREATED_BY], [CREATED_DT], [CHANGED_BY], [CHANGED_DT], [IS_DELETED]) VALUES (N'WP_EXECUTOR', N'TMMIN', N'1', CAST(0x0000000000000000 AS DateTime), CAST(0x0000000000000000 AS DateTime), N'TMMIN', 0, CAST(0x0000000000000000 AS DateTime), NULL, NULL, N'Admin', CAST(0x0000ABB300AB6130 AS DateTime), 0)
INSERT [dbo].[TB_M_SYSTEM] ([SYSTEM_ID], [SYSTEM_TYPE], [SYSTEM_CD], [SYSTEM_VALID_FR], [SYSTEM_VALID_TO], [SYSTEM_VALUE_TXT], [SYSTEM_VALUE_NUM], [SYSTEM_VALUE_DT], [CREATED_BY], [CREATED_DT], [CHANGED_BY], [CHANGED_DT], [IS_DELETED]) VALUES (N'WP_EXECUTOR', N'Contractor', N'2', NULL, NULL, N'Contractor', NULL, NULL, NULL, NULL, NULL, NULL, 0)
INSERT [dbo].[TB_M_SYSTEM] ([SYSTEM_ID], [SYSTEM_TYPE], [SYSTEM_CD], [SYSTEM_VALID_FR], [SYSTEM_VALID_TO], [SYSTEM_VALUE_TXT], [SYSTEM_VALUE_NUM], [SYSTEM_VALUE_DT], [CREATED_BY], [CREATED_DT], [CHANGED_BY], [CHANGED_DT], [IS_DELETED]) VALUES (N'WP_MENU', N'WP02002', N'WP02002', CAST(0x0000AB3500000000 AS DateTime), CAST(0x0000ACA200000000 AS DateTime), N'Detail Activity Project', 0, CAST(0x0000AB3500000000 AS DateTime), N'Admin', CAST(0x0000ABC9001B8737 AS DateTime), N'Admin', CAST(0x0000ABC9001B8737 AS DateTime), 0)
INSERT [dbo].[TB_M_SYSTEM] ([SYSTEM_ID], [SYSTEM_TYPE], [SYSTEM_CD], [SYSTEM_VALID_FR], [SYSTEM_VALID_TO], [SYSTEM_VALUE_TXT], [SYSTEM_VALUE_NUM], [SYSTEM_VALUE_DT], [CREATED_BY], [CREATED_DT], [CHANGED_BY], [CHANGED_DT], [IS_DELETED]) VALUES (N'WP_MENU', N'WP02003', N'WP02003', CAST(0x0000AB3500000000 AS DateTime), CAST(0x0000ACA200000000 AS DateTime), N'Security', 0, CAST(0x0000AB3500000000 AS DateTime), N'Admin', CAST(0x0000ABC9001B8737 AS DateTime), N'Admin', CAST(0x0000ABC9001B8737 AS DateTime), 0)
INSERT [dbo].[TB_M_SYSTEM] ([SYSTEM_ID], [SYSTEM_TYPE], [SYSTEM_CD], [SYSTEM_VALID_FR], [SYSTEM_VALID_TO], [SYSTEM_VALUE_TXT], [SYSTEM_VALUE_NUM], [SYSTEM_VALUE_DT], [CREATED_BY], [CREATED_DT], [CHANGED_BY], [CHANGED_DT], [IS_DELETED]) VALUES (N'WP_MENU', N'WP02004', N'WP02004', CAST(0x0000AB3500000000 AS DateTime), CAST(0x0000ACA200000000 AS DateTime), N'Daily Check', 0, CAST(0x0000AB3500000000 AS DateTime), N'Admin', CAST(0x0000ABC9001B8737 AS DateTime), N'Admin', CAST(0x0000ABC9001B8737 AS DateTime), 0)
INSERT [dbo].[TB_M_SYSTEM] ([SYSTEM_ID], [SYSTEM_TYPE], [SYSTEM_CD], [SYSTEM_VALID_FR], [SYSTEM_VALID_TO], [SYSTEM_VALUE_TXT], [SYSTEM_VALUE_NUM], [SYSTEM_VALUE_DT], [CREATED_BY], [CREATED_DT], [CHANGED_BY], [CHANGED_DT], [IS_DELETED]) VALUES (N'WP_MENU', N'WP02005', N'WP02005', CAST(0x0000AB3500000000 AS DateTime), CAST(0x0000ACA200000000 AS DateTime), N'Project Evaluation', 0, CAST(0x0000AB3500000000 AS DateTime), N'Admin', CAST(0x0000ABC9001B8737 AS DateTime), N'Admin', CAST(0x0000ABC9001B8737 AS DateTime), 0)
INSERT [dbo].[TB_M_SYSTEM] ([SYSTEM_ID], [SYSTEM_TYPE], [SYSTEM_CD], [SYSTEM_VALID_FR], [SYSTEM_VALID_TO], [SYSTEM_VALUE_TXT], [SYSTEM_VALUE_NUM], [SYSTEM_VALUE_DT], [CREATED_BY], [CREATED_DT], [CHANGED_BY], [CHANGED_DT], [IS_DELETED]) VALUES (N'WP_MENU', N'WP02006', N'WP02006', CAST(0x0000AB3500000000 AS DateTime), CAST(0x0000ACA200000000 AS DateTime), N'Workflow Project', 0, CAST(0x0000AB3500000000 AS DateTime), N'Admin', CAST(0x0000ABC9001B8737 AS DateTime), N'Admin', CAST(0x0000ABC9001B8737 AS DateTime), 0)
INSERT [dbo].[TB_M_SYSTEM] ([SYSTEM_ID], [SYSTEM_TYPE], [SYSTEM_CD], [SYSTEM_VALID_FR], [SYSTEM_VALID_TO], [SYSTEM_VALUE_TXT], [SYSTEM_VALUE_NUM], [SYSTEM_VALUE_DT], [CREATED_BY], [CREATED_DT], [CHANGED_BY], [CHANGED_DT], [IS_DELETED]) VALUES (N'WP_MENU', N'WP03001', N'WP03001', CAST(0x0000AB3500000000 AS DateTime), CAST(0x0000ACA200000000 AS DateTime), N'Question Bank', 0, CAST(0x0000AB3500000000 AS DateTime), N'Admin', CAST(0x0000ABC9001B8737 AS DateTime), N'Admin', CAST(0x0000ABC9001B8737 AS DateTime), 0)
INSERT [dbo].[TB_M_SYSTEM] ([SYSTEM_ID], [SYSTEM_TYPE], [SYSTEM_CD], [SYSTEM_VALID_FR], [SYSTEM_VALID_TO], [SYSTEM_VALUE_TXT], [SYSTEM_VALUE_NUM], [SYSTEM_VALUE_DT], [CREATED_BY], [CREATED_DT], [CHANGED_BY], [CHANGED_DT], [IS_DELETED]) VALUES (N'WP_MENU', N'WP03002', N'WP03002', CAST(0x0000AB3500000000 AS DateTime), CAST(0x0000ACA200000000 AS DateTime), N'Exam Subject', 0, CAST(0x0000AB3500000000 AS DateTime), N'Admin', CAST(0x0000ABC9001B8737 AS DateTime), N'Admin', CAST(0x0000ABC9001B8737 AS DateTime), 0)
INSERT [dbo].[TB_M_SYSTEM] ([SYSTEM_ID], [SYSTEM_TYPE], [SYSTEM_CD], [SYSTEM_VALID_FR], [SYSTEM_VALID_TO], [SYSTEM_VALUE_TXT], [SYSTEM_VALUE_NUM], [SYSTEM_VALUE_DT], [CREATED_BY], [CREATED_DT], [CHANGED_BY], [CHANGED_DT], [IS_DELETED]) VALUES (N'WP_MENU', N'WP03003', N'WP03003', CAST(0x0000AB3500000000 AS DateTime), CAST(0x0000ACA200000000 AS DateTime), N'Manage Question', 0, CAST(0x0000AB3500000000 AS DateTime), N'Admin', CAST(0x0000ABC9001B8737 AS DateTime), N'Admin', CAST(0x0000ABC9001B8737 AS DateTime), 0)
INSERT [dbo].[TB_M_SYSTEM] ([SYSTEM_ID], [SYSTEM_TYPE], [SYSTEM_CD], [SYSTEM_VALID_FR], [SYSTEM_VALID_TO], [SYSTEM_VALUE_TXT], [SYSTEM_VALUE_NUM], [SYSTEM_VALUE_DT], [CREATED_BY], [CREATED_DT], [CHANGED_BY], [CHANGED_DT], [IS_DELETED]) VALUES (N'WP_MENU', N'WP03004', N'WP03004', CAST(0x0000AB3500000000 AS DateTime), CAST(0x0000ACA200000000 AS DateTime), N'Data Participant', 0, CAST(0x0000AB3500000000 AS DateTime), N'Admin', CAST(0x0000ABC9001B8737 AS DateTime), N'Admin', CAST(0x0000ABC9001B8737 AS DateTime), 0)
INSERT [dbo].[TB_M_SYSTEM] ([SYSTEM_ID], [SYSTEM_TYPE], [SYSTEM_CD], [SYSTEM_VALID_FR], [SYSTEM_VALID_TO], [SYSTEM_VALUE_TXT], [SYSTEM_VALUE_NUM], [SYSTEM_VALUE_DT], [CREATED_BY], [CREATED_DT], [CHANGED_BY], [CHANGED_DT], [IS_DELETED]) VALUES (N'WP_MENU', N'WP03005', N'WP03005', CAST(0x0000AB3500000000 AS DateTime), CAST(0x0000ACA200000000 AS DateTime), N'Data Score Participant', 0, CAST(0x0000AB3500000000 AS DateTime), N'Admin', CAST(0x0000ABC9001B8737 AS DateTime), N'Admin', CAST(0x0000ABC9001B8737 AS DateTime), 0)
INSERT [dbo].[TB_M_SYSTEM] ([SYSTEM_ID], [SYSTEM_TYPE], [SYSTEM_CD], [SYSTEM_VALID_FR], [SYSTEM_VALID_TO], [SYSTEM_VALUE_TXT], [SYSTEM_VALUE_NUM], [SYSTEM_VALUE_DT], [CREATED_BY], [CREATED_DT], [CHANGED_BY], [CHANGED_DT], [IS_DELETED]) VALUES (N'WP_MENU', N'WP04001', N'WP04001', CAST(0x0000AB3500000000 AS DateTime), CAST(0x0000ACA200000000 AS DateTime), N'Users Management', 0, CAST(0x0000AB3500000000 AS DateTime), N'Admin', CAST(0x0000ABC9001B8737 AS DateTime), N'Admin', CAST(0x0000ABC9001B8737 AS DateTime), 0)
INSERT [dbo].[TB_M_SYSTEM] ([SYSTEM_ID], [SYSTEM_TYPE], [SYSTEM_CD], [SYSTEM_VALID_FR], [SYSTEM_VALID_TO], [SYSTEM_VALUE_TXT], [SYSTEM_VALUE_NUM], [SYSTEM_VALUE_DT], [CREATED_BY], [CREATED_DT], [CHANGED_BY], [CHANGED_DT], [IS_DELETED]) VALUES (N'hahaha', N'hahaha', N'hahaha', CAST(0x0000000000000000 AS DateTime), CAST(0x0000000000000000 AS DateTime), N'hahaha', 0, CAST(0x0000ABCD00000000 AS DateTime), N'Admin', CAST(0x0000ABCD0093331E AS DateTime), N'Admin', CAST(0x0000ABCD0093331E AS DateTime), 1)
INSERT [dbo].[TB_M_SYSTEM] ([SYSTEM_ID], [SYSTEM_TYPE], [SYSTEM_CD], [SYSTEM_VALID_FR], [SYSTEM_VALID_TO], [SYSTEM_VALUE_TXT], [SYSTEM_VALUE_NUM], [SYSTEM_VALUE_DT], [CREATED_BY], [CREATED_DT], [CHANGED_BY], [CHANGED_DT], [IS_DELETED]) VALUES (N'hahah', N'hahaha', N'hahah', CAST(0x0000000000000000 AS DateTime), CAST(0x0000000000000000 AS DateTime), N'hahaha', 0, CAST(0x0000000000000000 AS DateTime), N'Admin', CAST(0x0000ABCD0093532B AS DateTime), N'Admin', CAST(0x0000ABCD0093532B AS DateTime), 1)
INSERT [dbo].[TB_M_SYSTEM] ([SYSTEM_ID], [SYSTEM_TYPE], [SYSTEM_CD], [SYSTEM_VALID_FR], [SYSTEM_VALID_TO], [SYSTEM_VALUE_TXT], [SYSTEM_VALUE_NUM], [SYSTEM_VALUE_DT], [CREATED_BY], [CREATED_DT], [CHANGED_BY], [CHANGED_DT], [IS_DELETED]) VALUES (N'heheh', N'hehehehehehe', N'heheh', CAST(0x0000A4C800000000 AS DateTime), CAST(0x0000ABCF00000000 AS DateTime), N'heheh', 10, CAST(0x0000A2E100000000 AS DateTime), N'Admin', CAST(0x0000ABCD00B77574 AS DateTime), N'Admin', CAST(0x0000ABCD00CCC6F5 AS DateTime), 1)
INSERT [dbo].[TB_M_SYSTEM] ([SYSTEM_ID], [SYSTEM_TYPE], [SYSTEM_CD], [SYSTEM_VALID_FR], [SYSTEM_VALID_TO], [SYSTEM_VALUE_TXT], [SYSTEM_VALUE_NUM], [SYSTEM_VALUE_DT], [CREATED_BY], [CREATED_DT], [CHANGED_BY], [CHANGED_DT], [IS_DELETED]) VALUES (N'ada', N'ada', N'ada', CAST(0x0000000000000000 AS DateTime), CAST(0x0000000000000000 AS DateTime), N'ada', 40, CAST(0x0000000000000000 AS DateTime), N'Admin', CAST(0x0000ABCD00D192D2 AS DateTime), N'Admin', CAST(0x0000ABCD00D83746 AS DateTime), 1)
INSERT [dbo].[TB_M_SYSTEM] ([SYSTEM_ID], [SYSTEM_TYPE], [SYSTEM_CD], [SYSTEM_VALID_FR], [SYSTEM_VALID_TO], [SYSTEM_VALUE_TXT], [SYSTEM_VALUE_NUM], [SYSTEM_VALUE_DT], [CREATED_BY], [CREATED_DT], [CHANGED_BY], [CHANGED_DT], [IS_DELETED]) VALUES (N'WP_ITEM_TYPE', N'PK', N'PK', CAST(0x0000000000000000 AS DateTime), CAST(0x0000000000000000 AS DateTime), N'Peralatan Kerja', 0, CAST(0x0000AB3500000000 AS DateTime), N'Admin', CAST(0x0000ABCD0110C8C8 AS DateTime), N'Admin', CAST(0x0000ABCD0110C8C8 AS DateTime), 0)
INSERT [dbo].[TB_M_SYSTEM] ([SYSTEM_ID], [SYSTEM_TYPE], [SYSTEM_CD], [SYSTEM_VALID_FR], [SYSTEM_VALID_TO], [SYSTEM_VALUE_TXT], [SYSTEM_VALUE_NUM], [SYSTEM_VALUE_DT], [CREATED_BY], [CREATED_DT], [CHANGED_BY], [CHANGED_DT], [IS_DELETED]) VALUES (N'WP_ITEM_TYPE', N'APD', N'APD', CAST(0x0000000000000000 AS DateTime), CAST(0x0000000000000000 AS DateTime), N'Alat Pelindung Diri', 0, CAST(0x0000000000000000 AS DateTime), N'Admin', CAST(0x0000ABCD0111083A AS DateTime), N'Admin', CAST(0x0000ABCD0111083A AS DateTime), 0)
INSERT [dbo].[TB_M_SYSTEM] ([SYSTEM_ID], [SYSTEM_TYPE], [SYSTEM_CD], [SYSTEM_VALID_FR], [SYSTEM_VALID_TO], [SYSTEM_VALUE_TXT], [SYSTEM_VALUE_NUM], [SYSTEM_VALUE_DT], [CREATED_BY], [CREATED_DT], [CHANGED_BY], [CHANGED_DT], [IS_DELETED]) VALUES (N'WP_ITEM_TYPE', N'Utility', N'UTL', CAST(0x0000000000000000 AS DateTime), CAST(0x0000000000000000 AS DateTime), N'Utility', 0, CAST(0x0000000000000000 AS DateTime), N'Admin', CAST(0x0000ABCD011121D5 AS DateTime), N'Admin', CAST(0x0000ABCD011121D5 AS DateTime), 0)
INSERT [dbo].[TB_M_SYSTEM] ([SYSTEM_ID], [SYSTEM_TYPE], [SYSTEM_CD], [SYSTEM_VALID_FR], [SYSTEM_VALID_TO], [SYSTEM_VALUE_TXT], [SYSTEM_VALUE_NUM], [SYSTEM_VALUE_DT], [CREATED_BY], [CREATED_DT], [CHANGED_BY], [CHANGED_DT], [IS_DELETED]) VALUES (N'WP_DIV', N'Security', N'SCR', CAST(0x0000AB3A00000000 AS DateTime), CAST(0x0000D60300000000 AS DateTime), N'Security', 1, CAST(0x0000AB3A00000000 AS DateTime), N'Admin', CAST(0x0000ABCD015D2C9D AS DateTime), N'Admin', CAST(0x0000ABCE014CE26A AS DateTime), 0)
INSERT [dbo].[TB_M_SYSTEM] ([SYSTEM_ID], [SYSTEM_TYPE], [SYSTEM_CD], [SYSTEM_VALID_FR], [SYSTEM_VALID_TO], [SYSTEM_VALUE_TXT], [SYSTEM_VALUE_NUM], [SYSTEM_VALUE_DT], [CREATED_BY], [CREATED_DT], [CHANGED_BY], [CHANGED_DT], [IS_DELETED]) VALUES (N'WP_EMPLOYEE_SECTION', N'Security', N'TMMIN', CAST(0x0000000000000000 AS DateTime), CAST(0x0000000000000000 AS DateTime), N'Security', 0, CAST(0x0000000000000000 AS DateTime), N'Admin', CAST(0x0000ABCD015F016F AS DateTime), N'Admin', CAST(0x0000ABCD015F8ACD AS DateTime), 0)
INSERT [dbo].[TB_M_SYSTEM] ([SYSTEM_ID], [SYSTEM_TYPE], [SYSTEM_CD], [SYSTEM_VALID_FR], [SYSTEM_VALID_TO], [SYSTEM_VALUE_TXT], [SYSTEM_VALUE_NUM], [SYSTEM_VALUE_DT], [CREATED_BY], [CREATED_DT], [CHANGED_BY], [CHANGED_DT], [IS_DELETED]) VALUES (N'WP_EMPLOYEE_PIC', N'SCR', N'PICSTATSUS', CAST(0x0000000000000000 AS DateTime), CAST(0x0000000000000000 AS DateTime), N'SECURITY', 0, CAST(0x0000000000000000 AS DateTime), N'Admin', CAST(0x0000ABCD015FD169 AS DateTime), N'Admin', CAST(0x0000ABCD015FD169 AS DateTime), 0)
INSERT [dbo].[TB_M_SYSTEM] ([SYSTEM_ID], [SYSTEM_TYPE], [SYSTEM_CD], [SYSTEM_VALID_FR], [SYSTEM_VALID_TO], [SYSTEM_VALUE_TXT], [SYSTEM_VALUE_NUM], [SYSTEM_VALUE_DT], [CREATED_BY], [CREATED_DT], [CHANGED_BY], [CHANGED_DT], [IS_DELETED]) VALUES (N'WP_001', N'WP', N'13', CAST(0x0000ABD200000000 AS DateTime), CAST(0x0000ABD200000000 AS DateTime), N'12', 0, CAST(0x0000ABCE00000000 AS DateTime), N'Admin', CAST(0x0000ABCE00DDE608 AS DateTime), N'Admin', CAST(0x0000ABCE016B6C27 AS DateTime), 0)
INSERT [dbo].[TB_M_SYSTEM] ([SYSTEM_ID], [SYSTEM_TYPE], [SYSTEM_CD], [SYSTEM_VALID_FR], [SYSTEM_VALID_TO], [SYSTEM_VALUE_TXT], [SYSTEM_VALUE_NUM], [SYSTEM_VALUE_DT], [CREATED_BY], [CREATED_DT], [CHANGED_BY], [CHANGED_DT], [IS_DELETED]) VALUES (N'zzz', N'zz', N'zzz', CAST(0x0000000000000000 AS DateTime), CAST(0x0000000000000000 AS DateTime), N'zzz', 0, CAST(0x0000000000000000 AS DateTime), N'Admin', CAST(0x0000ABCE014FB859 AS DateTime), N'Admin', CAST(0x0000ABCE014FB859 AS DateTime), 1)
INSERT [dbo].[TB_M_SYSTEM] ([SYSTEM_ID], [SYSTEM_TYPE], [SYSTEM_CD], [SYSTEM_VALID_FR], [SYSTEM_VALID_TO], [SYSTEM_VALUE_TXT], [SYSTEM_VALUE_NUM], [SYSTEM_VALUE_DT], [CREATED_BY], [CREATED_DT], [CHANGED_BY], [CHANGED_DT], [IS_DELETED]) VALUES (N'zzzxc', N'zzxc', N'zzz', CAST(0x0000000000000000 AS DateTime), CAST(0x0000000000000000 AS DateTime), N'zzzxc', 0, CAST(0x0000000000000000 AS DateTime), N'Admin', CAST(0x0000ABCE014FBD47 AS DateTime), N'Admin', CAST(0x0000ABCE014FBD47 AS DateTime), 1)
INSERT [dbo].[TB_M_SYSTEM] ([SYSTEM_ID], [SYSTEM_TYPE], [SYSTEM_CD], [SYSTEM_VALID_FR], [SYSTEM_VALID_TO], [SYSTEM_VALUE_TXT], [SYSTEM_VALUE_NUM], [SYSTEM_VALUE_DT], [CREATED_BY], [CREATED_DT], [CHANGED_BY], [CHANGED_DT], [IS_DELETED]) VALUES (N'WP_SECURITY_MARQUEE', N'MARQUEE', N'MRQ', CAST(0x0000000000000000 AS DateTime), CAST(0x0000000000000000 AS DateTime), N'Selamat datang di Toyota dan Selamat Bekerja', 0, CAST(0x0000000000000000 AS DateTime), N'Admin', CAST(0x0000ABCF0099CE3D AS DateTime), N'Admin', CAST(0x0000ABCF009A1D75 AS DateTime), 0)
INSERT [dbo].[TB_M_SYSTEM] ([SYSTEM_ID], [SYSTEM_TYPE], [SYSTEM_CD], [SYSTEM_VALID_FR], [SYSTEM_VALID_TO], [SYSTEM_VALUE_TXT], [SYSTEM_VALUE_NUM], [SYSTEM_VALUE_DT], [CREATED_BY], [CREATED_DT], [CHANGED_BY], [CHANGED_DT], [IS_DELETED]) VALUES (N'2', N'2', N'2', CAST(0x0000ABE500000000 AS DateTime), CAST(0x0000ABD500000000 AS DateTime), N'22', 222, CAST(0x0000AB5900000000 AS DateTime), N'Admin', CAST(0x0000ABCF014D0B48 AS DateTime), N'Admin', CAST(0x0000ABCF014D0B48 AS DateTime), 0)
INSERT [dbo].[TB_M_SYSTEM] ([SYSTEM_ID], [SYSTEM_TYPE], [SYSTEM_CD], [SYSTEM_VALID_FR], [SYSTEM_VALID_TO], [SYSTEM_VALUE_TXT], [SYSTEM_VALUE_NUM], [SYSTEM_VALUE_DT], [CREATED_BY], [CREATED_DT], [CHANGED_BY], [CHANGED_DT], [IS_DELETED]) VALUES (N'e', N'2', N'2', CAST(0x0000ABCF00000000 AS DateTime), CAST(0x0000000000000000 AS DateTime), N'e', 2, CAST(0x0000ABCF00000000 AS DateTime), N'Admin', CAST(0x0000ABCF014D206F AS DateTime), N'Admin', CAST(0x0000ABCF014D206F AS DateTime), 0)
INSERT [dbo].[TB_M_SYSTEM] ([SYSTEM_ID], [SYSTEM_TYPE], [SYSTEM_CD], [SYSTEM_VALID_FR], [SYSTEM_VALID_TO], [SYSTEM_VALUE_TXT], [SYSTEM_VALUE_NUM], [SYSTEM_VALUE_DT], [CREATED_BY], [CREATED_DT], [CHANGED_BY], [CHANGED_DT], [IS_DELETED]) VALUES (N'1', N'2', N'2', CAST(0x0000ABCF00000000 AS DateTime), CAST(0x0000000000000000 AS DateTime), N'e', 2, CAST(0x0000ABCF00000000 AS DateTime), N'Admin', CAST(0x0000ABCF014D26AC AS DateTime), N'Admin', CAST(0x0000ABCF014D26AC AS DateTime), 0)
SET IDENTITY_INSERT [dbo].[TB_M_USER_MAPPING] ON 

INSERT [dbo].[TB_M_USER_MAPPING] ([ID_TB_M_USER_MAPPING], [NOREG], [POSITION], [DIV_ID], [PLANT_ID], [NAME], [EMAIL], [USERNAME], [PASSWORD], [CREATED_BY], [CREATED_DT], [UPDATED_BY], [UPDATED_DT], [USER_ST]) VALUES (3, N'12345', N'1', N'1', N'1', N'zxc', N'zxc', N'zxc', N'zxc', NULL, NULL, NULL, NULL, 1)
SET IDENTITY_INSERT [dbo].[TB_M_USER_MAPPING] OFF
INSERT [dbo].[TB_M_USER_PLANT] ([USERNAME], [PLANT_CD], [PLANT_NM], [COMPANY], [CREATED_BY], [CREATED_DT], [CHANGED_BY], [CHANGED_DT]) VALUES (N'aaz', N'3', N'TMMIN PLANT 3', N'PT. Toyota Astra Motor', N'Admin', CAST(0x0000ABB500B98C74 AS DateTime), N'Admin', CAST(0x0000ABB500BF2BDC AS DateTime))
SET IDENTITY_INSERT [dbo].[TB_M_WORKING_TYPE] ON 

INSERT [dbo].[TB_M_WORKING_TYPE] ([ID_TB_M_WORKING_TYPE], [WORKING_NAME], [STATUS], [CREATE_BY], [CREATE_DT], [UPDATE_BY], [UPDATE_DT], [IS_DELETED]) VALUES (5, N'Pengelasan (Acyteline , Arc Welder)', 1, N'Admin', CAST(0x0000ABAD01822F35 AS DateTime), N'Admin', CAST(0x0000ABAD01822F35 AS DateTime), 0)
INSERT [dbo].[TB_M_WORKING_TYPE] ([ID_TB_M_WORKING_TYPE], [WORKING_NAME], [STATUS], [CREATE_BY], [CREATE_DT], [UPDATE_BY], [UPDATE_DT], [IS_DELETED]) VALUES (6, N'Instalasi Listrik (Teg. Rendah / Teg. Tinggi)', 1, N'Admin', CAST(0x0000ABAD01825889 AS DateTime), N'Admin', CAST(0x0000ABAD01825889 AS DateTime), 0)
INSERT [dbo].[TB_M_WORKING_TYPE] ([ID_TB_M_WORKING_TYPE], [WORKING_NAME], [STATUS], [CREATE_BY], [CREATE_DT], [UPDATE_BY], [UPDATE_DT], [IS_DELETED]) VALUES (7, N'Bekerja di Tempat Tinggi ( < 2 M ,  � 2 M  )*', 1, N'Admin', CAST(0x0000ABAD0182E177 AS DateTime), N'Admin', CAST(0x0000ABAD0182E177 AS DateTime), 0)
INSERT [dbo].[TB_M_WORKING_TYPE] ([ID_TB_M_WORKING_TYPE], [WORKING_NAME], [STATUS], [CREATE_BY], [CREATE_DT], [UPDATE_BY], [UPDATE_DT], [IS_DELETED]) VALUES (8, N'Konstruksi (  Bangunan, Besi, Pipa, Beton)*', 1, N'Admin', CAST(0x0000ABAD01836256 AS DateTime), N'Admin', CAST(0x0000ABAD01836256 AS DateTime), 0)
INSERT [dbo].[TB_M_WORKING_TYPE] ([ID_TB_M_WORKING_TYPE], [WORKING_NAME], [STATUS], [CREATE_BY], [CREATE_DT], [UPDATE_BY], [UPDATE_DT], [IS_DELETED]) VALUES (9, N'Handling Material  (<100Kg, > 100Kg)*', 1, N'Admin', CAST(0x0000ABAD01837BE2 AS DateTime), N'Admin', CAST(0x0000ABAD01837BE2 AS DateTime), 0)
INSERT [dbo].[TB_M_WORKING_TYPE] ([ID_TB_M_WORKING_TYPE], [WORKING_NAME], [STATUS], [CREATE_BY], [CREATE_DT], [UPDATE_BY], [UPDATE_DT], [IS_DELETED]) VALUES (10, N'Overhaul Mesin', 1, N'Admin', CAST(0x0000ABAD018390C3 AS DateTime), N'Admin', CAST(0x0000ABAD018390C3 AS DateTime), 0)
INSERT [dbo].[TB_M_WORKING_TYPE] ([ID_TB_M_WORKING_TYPE], [WORKING_NAME], [STATUS], [CREATE_BY], [CREATE_DT], [UPDATE_BY], [UPDATE_DT], [IS_DELETED]) VALUES (11, N'Area Terbatas (Confined Space)', 1, N'Admin', CAST(0x0000ABAD0183A542 AS DateTime), N'Admin', CAST(0x0000ABAD0183A542 AS DateTime), 0)
INSERT [dbo].[TB_M_WORKING_TYPE] ([ID_TB_M_WORKING_TYPE], [WORKING_NAME], [STATUS], [CREATE_BY], [CREATE_DT], [UPDATE_BY], [UPDATE_DT], [IS_DELETED]) VALUES (12, N'Lain-Lain', 1, N'Admin', CAST(0x0000ABAD0183B665 AS DateTime), N'Admin', CAST(0x0000ABAD0183B665 AS DateTime), 0)
INSERT [dbo].[TB_M_WORKING_TYPE] ([ID_TB_M_WORKING_TYPE], [WORKING_NAME], [STATUS], [CREATE_BY], [CREATE_DT], [UPDATE_BY], [UPDATE_DT], [IS_DELETED]) VALUES (19, N'HAHAHA', 1, N'Admin', CAST(0x0000ABC9000D2547 AS DateTime), N'Admin', CAST(0x0000ABC9000D392C AS DateTime), 1)
INSERT [dbo].[TB_M_WORKING_TYPE] ([ID_TB_M_WORKING_TYPE], [WORKING_NAME], [STATUS], [CREATE_BY], [CREATE_DT], [UPDATE_BY], [UPDATE_DT], [IS_DELETED]) VALUES (20, N'zxczxc', 1, N'Admin', CAST(0x0000ABCD0096E185 AS DateTime), N'Admin', CAST(0x0000ABCD0096E185 AS DateTime), 1)
INSERT [dbo].[TB_M_WORKING_TYPE] ([ID_TB_M_WORKING_TYPE], [WORKING_NAME], [STATUS], [CREATE_BY], [CREATE_DT], [UPDATE_BY], [UPDATE_DT], [IS_DELETED]) VALUES (21, N'zxcasdasdasdasdasdasdasdasd', 1, N'Admin', CAST(0x0000ABCD0096E6E8 AS DateTime), N'Admin', CAST(0x0000ABCD0096E6E8 AS DateTime), 1)
INSERT [dbo].[TB_M_WORKING_TYPE] ([ID_TB_M_WORKING_TYPE], [WORKING_NAME], [STATUS], [CREATE_BY], [CREATE_DT], [UPDATE_BY], [UPDATE_DT], [IS_DELETED]) VALUES (22, N'test', 1, N'Admin', CAST(0x0000ABCD00970275 AS DateTime), N'Admin', CAST(0x0000ABCD00970B54 AS DateTime), 1)
INSERT [dbo].[TB_M_WORKING_TYPE] ([ID_TB_M_WORKING_TYPE], [WORKING_NAME], [STATUS], [CREATE_BY], [CREATE_DT], [UPDATE_BY], [UPDATE_DT], [IS_DELETED]) VALUES (23, N'asdasd', 1, N'Admin', CAST(0x0000ABCE01622120 AS DateTime), N'Admin', CAST(0x0000ABCE01622120 AS DateTime), 1)
INSERT [dbo].[TB_M_WORKING_TYPE] ([ID_TB_M_WORKING_TYPE], [WORKING_NAME], [STATUS], [CREATE_BY], [CREATE_DT], [UPDATE_BY], [UPDATE_DT], [IS_DELETED]) VALUES (24, N'asdasdasd', 1, N'Admin', CAST(0x0000ABCE016231A8 AS DateTime), N'Admin', CAST(0x0000ABCE01649C1A AS DateTime), 1)
INSERT [dbo].[TB_M_WORKING_TYPE] ([ID_TB_M_WORKING_TYPE], [WORKING_NAME], [STATUS], [CREATE_BY], [CREATE_DT], [UPDATE_BY], [UPDATE_DT], [IS_DELETED]) VALUES (25, N'Ngoding Tes', 1, N'Admin', CAST(0x0000ABCF00973C61 AS DateTime), N'Admin', CAST(0x0000ABCF00A8DCE5 AS DateTime), 1)
INSERT [dbo].[TB_M_WORKING_TYPE] ([ID_TB_M_WORKING_TYPE], [WORKING_NAME], [STATUS], [CREATE_BY], [CREATE_DT], [UPDATE_BY], [UPDATE_DT], [IS_DELETED]) VALUES (26, N'Ngoding +_~!@#$%^&~*()_{}|":?><,./;''[]\018', 1, N'Admin', CAST(0x0000ABCF00AA57E0 AS DateTime), N'Admin', CAST(0x0000ABCF00AA57E0 AS DateTime), 0)
INSERT [dbo].[TB_M_WORKING_TYPE] ([ID_TB_M_WORKING_TYPE], [WORKING_NAME], [STATUS], [CREATE_BY], [CREATE_DT], [UPDATE_BY], [UPDATE_DT], [IS_DELETED]) VALUES (27, N'zxczxcz', 1, N'Admin', CAST(0x0000ABCF00AA6DD7 AS DateTime), N'Admin', CAST(0x0000ABD000A5FCAC AS DateTime), 0)
INSERT [dbo].[TB_M_WORKING_TYPE] ([ID_TB_M_WORKING_TYPE], [WORKING_NAME], [STATUS], [CREATE_BY], [CREATE_DT], [UPDATE_BY], [UPDATE_DT], [IS_DELETED]) VALUES (28, N'tes **9198', 1, N'Admin', CAST(0x0000ABCF00AC2D6C AS DateTime), N'Admin', CAST(0x0000ABCF00AC2D6C AS DateTime), 1)
INSERT [dbo].[TB_M_WORKING_TYPE] ([ID_TB_M_WORKING_TYPE], [WORKING_NAME], [STATUS], [CREATE_BY], [CREATE_DT], [UPDATE_BY], [UPDATE_DT], [IS_DELETED]) VALUES (29, N'00Week', 1, N'Admin', CAST(0x0000ABCF00BFFAF2 AS DateTime), N'Admin', CAST(0x0000ABCF00BFFAF2 AS DateTime), 1)
INSERT [dbo].[TB_M_WORKING_TYPE] ([ID_TB_M_WORKING_TYPE], [WORKING_NAME], [STATUS], [CREATE_BY], [CREATE_DT], [UPDATE_BY], [UPDATE_DT], [IS_DELETED]) VALUES (30, N'', 0, N'Admin', CAST(0x0000ABD000A4B834 AS DateTime), N'Admin', CAST(0x0000ABD000A4B834 AS DateTime), 1)
INSERT [dbo].[TB_M_WORKING_TYPE] ([ID_TB_M_WORKING_TYPE], [WORKING_NAME], [STATUS], [CREATE_BY], [CREATE_DT], [UPDATE_BY], [UPDATE_DT], [IS_DELETED]) VALUES (31, N'zxczxcx', 1, N'Admin', CAST(0x0000ABD000A5E252 AS DateTime), N'Admin', CAST(0x0000ABD000A5E252 AS DateTime), 1)
INSERT [dbo].[TB_M_WORKING_TYPE] ([ID_TB_M_WORKING_TYPE], [WORKING_NAME], [STATUS], [CREATE_BY], [CREATE_DT], [UPDATE_BY], [UPDATE_DT], [IS_DELETED]) VALUES (32, N'blabblablablabblablablabblablablabblablablabblablablabblablablabblablablabblablablabblablablabblabla', 1, N'Admin', CAST(0x0000ABD000A63CBC AS DateTime), N'Admin', CAST(0x0000ABD000A63CBC AS DateTime), 0)
INSERT [dbo].[TB_M_WORKING_TYPE] ([ID_TB_M_WORKING_TYPE], [WORKING_NAME], [STATUS], [CREATE_BY], [CREATE_DT], [UPDATE_BY], [UPDATE_DT], [IS_DELETED]) VALUES (33, N'testestesestestestestestestestestestes', 0, N'Admin', CAST(0x0000ABD000A77CB6 AS DateTime), N'Admin', CAST(0x0000ABD000A9F185 AS DateTime), 0)
SET IDENTITY_INSERT [dbo].[TB_M_WORKING_TYPE] OFF
SET IDENTITY_INSERT [dbo].[TB_R_LEARN_EXAM_QUESTION] ON 

INSERT [dbo].[TB_R_LEARN_EXAM_QUESTION] ([ID_TB_R_LEARN_EXAM_QUESTION], [ID_TB_R_LEARN_EXAM_SUBJECT], [ID_TB_M_LEARN_QUESTION], [IS_DELETED], [CREATED_BY], [CREATED_DT], [UPDATED_BY], [UPDATED_DT]) VALUES (1, 5, 11, 0, N'Admin', CAST(0x0000ABB70087FB25 AS DateTime), N'Admin', CAST(0x0000ABB70087FB25 AS DateTime))
INSERT [dbo].[TB_R_LEARN_EXAM_QUESTION] ([ID_TB_R_LEARN_EXAM_QUESTION], [ID_TB_R_LEARN_EXAM_SUBJECT], [ID_TB_M_LEARN_QUESTION], [IS_DELETED], [CREATED_BY], [CREATED_DT], [UPDATED_BY], [UPDATED_DT]) VALUES (2, 5, 12, 0, N'Admin', CAST(0x0000ABB7008802A4 AS DateTime), N'Admin', CAST(0x0000ABB7008802A4 AS DateTime))
INSERT [dbo].[TB_R_LEARN_EXAM_QUESTION] ([ID_TB_R_LEARN_EXAM_QUESTION], [ID_TB_R_LEARN_EXAM_SUBJECT], [ID_TB_M_LEARN_QUESTION], [IS_DELETED], [CREATED_BY], [CREATED_DT], [UPDATED_BY], [UPDATED_DT]) VALUES (3, 5, 13, 1, N'Admin', CAST(0x0000ABB700880A61 AS DateTime), N'Admin', CAST(0x0000ABB700880A61 AS DateTime))
INSERT [dbo].[TB_R_LEARN_EXAM_QUESTION] ([ID_TB_R_LEARN_EXAM_QUESTION], [ID_TB_R_LEARN_EXAM_SUBJECT], [ID_TB_M_LEARN_QUESTION], [IS_DELETED], [CREATED_BY], [CREATED_DT], [UPDATED_BY], [UPDATED_DT]) VALUES (4, 5, 14, 1, N'Admin', CAST(0x0000ABB7008811B8 AS DateTime), N'Admin', CAST(0x0000ABB7008811B8 AS DateTime))
INSERT [dbo].[TB_R_LEARN_EXAM_QUESTION] ([ID_TB_R_LEARN_EXAM_QUESTION], [ID_TB_R_LEARN_EXAM_SUBJECT], [ID_TB_M_LEARN_QUESTION], [IS_DELETED], [CREATED_BY], [CREATED_DT], [UPDATED_BY], [UPDATED_DT]) VALUES (5, 6, 11, 0, N'Admin', CAST(0x0000ABB700881869 AS DateTime), N'Admin', CAST(0x0000ABB700881869 AS DateTime))
INSERT [dbo].[TB_R_LEARN_EXAM_QUESTION] ([ID_TB_R_LEARN_EXAM_QUESTION], [ID_TB_R_LEARN_EXAM_SUBJECT], [ID_TB_M_LEARN_QUESTION], [IS_DELETED], [CREATED_BY], [CREATED_DT], [UPDATED_BY], [UPDATED_DT]) VALUES (6, 6, 12, 0, N'Admin', CAST(0x0000ABB700881F13 AS DateTime), N'Admin', CAST(0x0000ABB700881F13 AS DateTime))
INSERT [dbo].[TB_R_LEARN_EXAM_QUESTION] ([ID_TB_R_LEARN_EXAM_QUESTION], [ID_TB_R_LEARN_EXAM_SUBJECT], [ID_TB_M_LEARN_QUESTION], [IS_DELETED], [CREATED_BY], [CREATED_DT], [UPDATED_BY], [UPDATED_DT]) VALUES (7, 6, 13, 0, N'Admin', CAST(0x0000ABB700882696 AS DateTime), N'Admin', CAST(0x0000ABB700882696 AS DateTime))
INSERT [dbo].[TB_R_LEARN_EXAM_QUESTION] ([ID_TB_R_LEARN_EXAM_QUESTION], [ID_TB_R_LEARN_EXAM_SUBJECT], [ID_TB_M_LEARN_QUESTION], [IS_DELETED], [CREATED_BY], [CREATED_DT], [UPDATED_BY], [UPDATED_DT]) VALUES (8, 6, 14, 0, N'Admin', CAST(0x0000ABB700882DAF AS DateTime), N'Admin', CAST(0x0000ABB700882DAF AS DateTime))
INSERT [dbo].[TB_R_LEARN_EXAM_QUESTION] ([ID_TB_R_LEARN_EXAM_QUESTION], [ID_TB_R_LEARN_EXAM_SUBJECT], [ID_TB_M_LEARN_QUESTION], [IS_DELETED], [CREATED_BY], [CREATED_DT], [UPDATED_BY], [UPDATED_DT]) VALUES (16, 8, 27, 0, N'Admin', CAST(0x0000ABBD00ADD035 AS DateTime), N'Admin', CAST(0x0000ABBD00ADD035 AS DateTime))
INSERT [dbo].[TB_R_LEARN_EXAM_QUESTION] ([ID_TB_R_LEARN_EXAM_QUESTION], [ID_TB_R_LEARN_EXAM_SUBJECT], [ID_TB_M_LEARN_QUESTION], [IS_DELETED], [CREATED_BY], [CREATED_DT], [UPDATED_BY], [UPDATED_DT]) VALUES (17, 8, 14, 0, N'Admin', CAST(0x0000ABBD00ADD77A AS DateTime), N'Admin', CAST(0x0000ABBD00ADD77A AS DateTime))
INSERT [dbo].[TB_R_LEARN_EXAM_QUESTION] ([ID_TB_R_LEARN_EXAM_QUESTION], [ID_TB_R_LEARN_EXAM_SUBJECT], [ID_TB_M_LEARN_QUESTION], [IS_DELETED], [CREATED_BY], [CREATED_DT], [UPDATED_BY], [UPDATED_DT]) VALUES (18, 8, 11, 1, N'Admin', CAST(0x0000ABBD00B07EBD AS DateTime), N'Admin', CAST(0x0000ABBD00B07EBD AS DateTime))
INSERT [dbo].[TB_R_LEARN_EXAM_QUESTION] ([ID_TB_R_LEARN_EXAM_QUESTION], [ID_TB_R_LEARN_EXAM_SUBJECT], [ID_TB_M_LEARN_QUESTION], [IS_DELETED], [CREATED_BY], [CREATED_DT], [UPDATED_BY], [UPDATED_DT]) VALUES (19, 8, 12, 1, N'Admin', CAST(0x0000ABBD00B07ED8 AS DateTime), N'Admin', CAST(0x0000ABBD00B07ED8 AS DateTime))
INSERT [dbo].[TB_R_LEARN_EXAM_QUESTION] ([ID_TB_R_LEARN_EXAM_QUESTION], [ID_TB_R_LEARN_EXAM_SUBJECT], [ID_TB_M_LEARN_QUESTION], [IS_DELETED], [CREATED_BY], [CREATED_DT], [UPDATED_BY], [UPDATED_DT]) VALUES (20, 8, 13, 1, N'Admin', CAST(0x0000ABBD00B07EFA AS DateTime), N'Admin', CAST(0x0000ABBD00B07EFA AS DateTime))
INSERT [dbo].[TB_R_LEARN_EXAM_QUESTION] ([ID_TB_R_LEARN_EXAM_QUESTION], [ID_TB_R_LEARN_EXAM_SUBJECT], [ID_TB_M_LEARN_QUESTION], [IS_DELETED], [CREATED_BY], [CREATED_DT], [UPDATED_BY], [UPDATED_DT]) VALUES (21, 5, 35, 1, N'Admin', CAST(0x0000ABCF0143E16E AS DateTime), N'Admin', CAST(0x0000ABCF0143E16E AS DateTime))
SET IDENTITY_INSERT [dbo].[TB_R_LEARN_EXAM_QUESTION] OFF
SET IDENTITY_INSERT [dbo].[TB_R_LEARN_EXAM_SCORE] ON 

INSERT [dbo].[TB_R_LEARN_EXAM_SCORE] ([ID_TB_R_LEARN_EXAM_SCORE], [ID_TB_M_EMPLOYEE], [ID_TB_R_LEARN_EXAM_SUBJECT], [ID_TB_M_COMPANY], [ANSWER], [CORRECT_AMOUNT], [WRONG_AMOUNT], [NOT_ANSWERED_AMOUNT], [REMEDIAL], [SCORE], [PASS_GRADUATED], [TIMER], [SUBMIT_DATE], [IS_STATUS]) VALUES (11, 8, 5, 19, N'10', 6, 2, 2, 0, CAST(60.00 AS Decimal(18, 2)), N'70', 10, CAST(0x0000ABBE00000000 AS DateTime), N'0')
INSERT [dbo].[TB_R_LEARN_EXAM_SCORE] ([ID_TB_R_LEARN_EXAM_SCORE], [ID_TB_M_EMPLOYEE], [ID_TB_R_LEARN_EXAM_SUBJECT], [ID_TB_M_COMPANY], [ANSWER], [CORRECT_AMOUNT], [WRONG_AMOUNT], [NOT_ANSWERED_AMOUNT], [REMEDIAL], [SCORE], [PASS_GRADUATED], [TIMER], [SUBMIT_DATE], [IS_STATUS]) VALUES (13, 10, 7, 20, N'10', 6, 2, 2, 0, CAST(60.00 AS Decimal(18, 2)), N'70', 10, CAST(0x0000ABBE00000000 AS DateTime), N'0')
INSERT [dbo].[TB_R_LEARN_EXAM_SCORE] ([ID_TB_R_LEARN_EXAM_SCORE], [ID_TB_M_EMPLOYEE], [ID_TB_R_LEARN_EXAM_SUBJECT], [ID_TB_M_COMPANY], [ANSWER], [CORRECT_AMOUNT], [WRONG_AMOUNT], [NOT_ANSWERED_AMOUNT], [REMEDIAL], [SCORE], [PASS_GRADUATED], [TIMER], [SUBMIT_DATE], [IS_STATUS]) VALUES (14, 10, 8, 20, N'20', 10, 8, 2, 0, CAST(50.00 AS Decimal(18, 2)), N'80', 60, CAST(0x0000ABC100000000 AS DateTime), N'0')
INSERT [dbo].[TB_R_LEARN_EXAM_SCORE] ([ID_TB_R_LEARN_EXAM_SCORE], [ID_TB_M_EMPLOYEE], [ID_TB_R_LEARN_EXAM_SUBJECT], [ID_TB_M_COMPANY], [ANSWER], [CORRECT_AMOUNT], [WRONG_AMOUNT], [NOT_ANSWERED_AMOUNT], [REMEDIAL], [SCORE], [PASS_GRADUATED], [TIMER], [SUBMIT_DATE], [IS_STATUS]) VALUES (15, 8, 8, 20, N'20', 11, 6, 2, 0, CAST(55.00 AS Decimal(18, 2)), N'80', 80, CAST(0x0000ABC100000000 AS DateTime), N'0')
INSERT [dbo].[TB_R_LEARN_EXAM_SCORE] ([ID_TB_R_LEARN_EXAM_SCORE], [ID_TB_M_EMPLOYEE], [ID_TB_R_LEARN_EXAM_SUBJECT], [ID_TB_M_COMPANY], [ANSWER], [CORRECT_AMOUNT], [WRONG_AMOUNT], [NOT_ANSWERED_AMOUNT], [REMEDIAL], [SCORE], [PASS_GRADUATED], [TIMER], [SUBMIT_DATE], [IS_STATUS]) VALUES (16, 9, 8, 20, N'20', 16, 3, 1, 0, CAST(80.00 AS Decimal(18, 2)), N'80', 100, CAST(0x0000ABC100000000 AS DateTime), N'1')
INSERT [dbo].[TB_R_LEARN_EXAM_SCORE] ([ID_TB_R_LEARN_EXAM_SCORE], [ID_TB_M_EMPLOYEE], [ID_TB_R_LEARN_EXAM_SUBJECT], [ID_TB_M_COMPANY], [ANSWER], [CORRECT_AMOUNT], [WRONG_AMOUNT], [NOT_ANSWERED_AMOUNT], [REMEDIAL], [SCORE], [PASS_GRADUATED], [TIMER], [SUBMIT_DATE], [IS_STATUS]) VALUES (17, 8, 8, 20, N'20', 13, 6, 1, 1, CAST(65.00 AS Decimal(18, 2)), N'80', 80, CAST(0x0000ABC200000000 AS DateTime), N'0')
INSERT [dbo].[TB_R_LEARN_EXAM_SCORE] ([ID_TB_R_LEARN_EXAM_SCORE], [ID_TB_M_EMPLOYEE], [ID_TB_R_LEARN_EXAM_SUBJECT], [ID_TB_M_COMPANY], [ANSWER], [CORRECT_AMOUNT], [WRONG_AMOUNT], [NOT_ANSWERED_AMOUNT], [REMEDIAL], [SCORE], [PASS_GRADUATED], [TIMER], [SUBMIT_DATE], [IS_STATUS]) VALUES (18, 8, 8, 20, N'20', 17, 3, 0, 2, CAST(85.00 AS Decimal(18, 2)), N'80', 90, CAST(0x0000ABC300000000 AS DateTime), N'1')
INSERT [dbo].[TB_R_LEARN_EXAM_SCORE] ([ID_TB_R_LEARN_EXAM_SCORE], [ID_TB_M_EMPLOYEE], [ID_TB_R_LEARN_EXAM_SUBJECT], [ID_TB_M_COMPANY], [ANSWER], [CORRECT_AMOUNT], [WRONG_AMOUNT], [NOT_ANSWERED_AMOUNT], [REMEDIAL], [SCORE], [PASS_GRADUATED], [TIMER], [SUBMIT_DATE], [IS_STATUS]) VALUES (19, 10, 8, 20, N'20', 11, 7, 2, 1, CAST(55.00 AS Decimal(18, 2)), N'80', 75, CAST(0x0000ABC200000000 AS DateTime), N'0')
INSERT [dbo].[TB_R_LEARN_EXAM_SCORE] ([ID_TB_R_LEARN_EXAM_SCORE], [ID_TB_M_EMPLOYEE], [ID_TB_R_LEARN_EXAM_SUBJECT], [ID_TB_M_COMPANY], [ANSWER], [CORRECT_AMOUNT], [WRONG_AMOUNT], [NOT_ANSWERED_AMOUNT], [REMEDIAL], [SCORE], [PASS_GRADUATED], [TIMER], [SUBMIT_DATE], [IS_STATUS]) VALUES (20, 10, 8, 20, N'20', 15, 4, 1, 2, CAST(75.00 AS Decimal(18, 2)), N'80', 110, CAST(0x0000ABC300000000 AS DateTime), N'0')
INSERT [dbo].[TB_R_LEARN_EXAM_SCORE] ([ID_TB_R_LEARN_EXAM_SCORE], [ID_TB_M_EMPLOYEE], [ID_TB_R_LEARN_EXAM_SUBJECT], [ID_TB_M_COMPANY], [ANSWER], [CORRECT_AMOUNT], [WRONG_AMOUNT], [NOT_ANSWERED_AMOUNT], [REMEDIAL], [SCORE], [PASS_GRADUATED], [TIMER], [SUBMIT_DATE], [IS_STATUS]) VALUES (21, 10, 8, 20, N'20', 19, 0, 1, 3, CAST(95.00 AS Decimal(18, 2)), N'80', 100, CAST(0x0000ABC400000000 AS DateTime), N'0')
SET IDENTITY_INSERT [dbo].[TB_R_LEARN_EXAM_SCORE] OFF
SET IDENTITY_INSERT [dbo].[TB_R_LEARN_EXAM_SUBJECT] ON 

INSERT [dbo].[TB_R_LEARN_EXAM_SUBJECT] ([ID_TB_R_LEARN_EXAM_SUBJECT], [TITLE], [PASSING_SCORE_REQUIREMENT], [EXAM_DURATION], [DATE_EXAM_PERIOD_START], [DATE_EXAM_PERIOD_END], [REMEDIAL], [EXAM_TYPE], [TOTAL_PUBLISHED], [IS_PUBLISHED], [IS_DELETED], [CREATED_BY], [CREATED_DT], [UPDATED_BY], [UPDATED_DT]) VALUES (5, N'Ujian Soal Fisika', 70, 120, CAST(0x0000ABB800000000 AS DateTime), CAST(0x0000ABD800000000 AS DateTime), 2, N'Uniform', 4, 2, 0, N'Admin', NULL, N'Admin', NULL)
INSERT [dbo].[TB_R_LEARN_EXAM_SUBJECT] ([ID_TB_R_LEARN_EXAM_SUBJECT], [TITLE], [PASSING_SCORE_REQUIREMENT], [EXAM_DURATION], [DATE_EXAM_PERIOD_START], [DATE_EXAM_PERIOD_END], [REMEDIAL], [EXAM_TYPE], [TOTAL_PUBLISHED], [IS_PUBLISHED], [IS_DELETED], [CREATED_BY], [CREATED_DT], [UPDATED_BY], [UPDATED_DT]) VALUES (7, N'Ujian Soal Matematika 2', 752, 1202, CAST(0x0000ABC200000000 AS DateTime), CAST(0x0000ABE200000000 AS DateTime), 0, N'Uniform', 52, 0, 1, N'Admin', CAST(0x0000ABBD0088C5ED AS DateTime), N'Admin', CAST(0x0000ABBD0088E48D AS DateTime))
INSERT [dbo].[TB_R_LEARN_EXAM_SUBJECT] ([ID_TB_R_LEARN_EXAM_SUBJECT], [TITLE], [PASSING_SCORE_REQUIREMENT], [EXAM_DURATION], [DATE_EXAM_PERIOD_START], [DATE_EXAM_PERIOD_END], [REMEDIAL], [EXAM_TYPE], [TOTAL_PUBLISHED], [IS_PUBLISHED], [IS_DELETED], [CREATED_BY], [CREATED_DT], [UPDATED_BY], [UPDATED_DT]) VALUES (8, N'Ujian Matematika', 80, 100, CAST(0x0000ABBF00000000 AS DateTime), CAST(0x0000ABDF00000000 AS DateTime), 1, N'Uniform', 6, 2, 0, N'Admin', CAST(0x0000ABBD008944D0 AS DateTime), N'Admin', CAST(0x0000ABBD008944D0 AS DateTime))
INSERT [dbo].[TB_R_LEARN_EXAM_SUBJECT] ([ID_TB_R_LEARN_EXAM_SUBJECT], [TITLE], [PASSING_SCORE_REQUIREMENT], [EXAM_DURATION], [DATE_EXAM_PERIOD_START], [DATE_EXAM_PERIOD_END], [REMEDIAL], [EXAM_TYPE], [TOTAL_PUBLISHED], [IS_PUBLISHED], [IS_DELETED], [CREATED_BY], [CREATED_DT], [UPDATED_BY], [UPDATED_DT]) VALUES (28, N'Safety Rule', 70, 90, CAST(0x0000ABB900000000 AS DateTime), CAST(0x0000ABE500000000 AS DateTime), 0, N'Random', 10, 1, 1, N'Admin', CAST(0x0000ABC100CA0BC5 AS DateTime), N'Admin', CAST(0x0000ABC100D0BB46 AS DateTime))
INSERT [dbo].[TB_R_LEARN_EXAM_SUBJECT] ([ID_TB_R_LEARN_EXAM_SUBJECT], [TITLE], [PASSING_SCORE_REQUIREMENT], [EXAM_DURATION], [DATE_EXAM_PERIOD_START], [DATE_EXAM_PERIOD_END], [REMEDIAL], [EXAM_TYPE], [TOTAL_PUBLISHED], [IS_PUBLISHED], [IS_DELETED], [CREATED_BY], [CREATED_DT], [UPDATED_BY], [UPDATED_DT]) VALUES (29, N'Ujian Bahasa Indonesia', 80, 90, CAST(0x0000ABDF00000000 AS DateTime), CAST(0x0000ABDF00000000 AS DateTime), 0, N'Uniform', 1, 1, 1, N'Admin', CAST(0x0000ABCD00BAB63D AS DateTime), N'Admin', CAST(0x0000ABCD00BAB63D AS DateTime))
SET IDENTITY_INSERT [dbo].[TB_R_LEARN_EXAM_SUBJECT] OFF
SET IDENTITY_INSERT [dbo].[TB_R_WP_DETAIL] ON 

INSERT [dbo].[TB_R_WP_DETAIL] ([ID], [PROJECT_CODE], [JOBS], [HIGHLEVEL], [MEDIUMLEVEL], [LOWLEVEL], [DATE], [CAT_A], [CAT_B], [CAT_C], [CAT_D], [CAT_E], [CAT_F], [REMARKS], [STATUS], [CREATED_BY], [CREATED_DT], [CHANGED_BY], [CHANGED_DT]) VALUES (2, N'zz', N'4', N'3', N'2', N'1', CAST(0x07410B00 AS Date), N'1', N'1', N'1', N'1', N'0', N'0', N'zz', N'0', N'Admin', CAST(0x0000ABAC00EDEFB8 AS DateTime), N'Admin', CAST(0x0000ABAC00EDEFB8 AS DateTime))
INSERT [dbo].[TB_R_WP_DETAIL] ([ID], [PROJECT_CODE], [JOBS], [HIGHLEVEL], [MEDIUMLEVEL], [LOWLEVEL], [DATE], [CAT_A], [CAT_B], [CAT_C], [CAT_D], [CAT_E], [CAT_F], [REMARKS], [STATUS], [CREATED_BY], [CREATED_DT], [CHANGED_BY], [CHANGED_DT]) VALUES (3, N'ZXC', N'1', N'3', N'2', N'1', CAST(0x07410B00 AS Date), N'0', N'0', N'0', N'0', N'0', N'0', N'aasd', N'0', N'Admin', CAST(0x0000ABAC00EE4F0F AS DateTime), N'Admin', CAST(0x0000ABAC00EE4F0F AS DateTime))
INSERT [dbo].[TB_R_WP_DETAIL] ([ID], [PROJECT_CODE], [JOBS], [HIGHLEVEL], [MEDIUMLEVEL], [LOWLEVEL], [DATE], [CAT_A], [CAT_B], [CAT_C], [CAT_D], [CAT_E], [CAT_F], [REMARKS], [STATUS], [CREATED_BY], [CREATED_DT], [CHANGED_BY], [CHANGED_DT]) VALUES (4, N'A', N'4', N'0', N'0', N'1', CAST(0x08410B00 AS Date), N'1', NULL, NULL, N'1', NULL, N'1', N'gg', N'0', N'Admin', CAST(0x0000ABAC00EE719E AS DateTime), N'Admin', CAST(0x0000ABAC00EE719E AS DateTime))
INSERT [dbo].[TB_R_WP_DETAIL] ([ID], [PROJECT_CODE], [JOBS], [HIGHLEVEL], [MEDIUMLEVEL], [LOWLEVEL], [DATE], [CAT_A], [CAT_B], [CAT_C], [CAT_D], [CAT_E], [CAT_F], [REMARKS], [STATUS], [CREATED_BY], [CREATED_DT], [CHANGED_BY], [CHANGED_DT]) VALUES (5, N'123213', N'5', N'0', N'0', N'1', CAST(0x0B410B00 AS Date), N'1', N'1', N'1', N'1', N'1', N'1', N'sqwedsasdasdasd', N'0', N'Admin', CAST(0x0000ABAF00E29C36 AS DateTime), N'Admin', CAST(0x0000ABAF00E29C36 AS DateTime))
SET IDENTITY_INSERT [dbo].[TB_R_WP_DETAIL] OFF
SET IDENTITY_INSERT [dbo].[TB_R_WP_DETAIL_2] ON 

INSERT [dbo].[TB_R_WP_DETAIL_2] ([ID], [Project_CD], [Location], [Pekerjaan], [HighLevel], [MediumLevel], [LowLevel], [Tanggal_Pekerjaan], [CatA], [CatB], [CatC], [CatD], [CatE], [CatF], [remarks], [Status], [CREATE_BY], [CREATE_DT], [UPDATE_BY], [UPDATE_DT], [Category]) VALUES (12, N'TE55210', N'TAM', N'Admin', N'1', N'0', N'0', CAST(0xFF400B00 AS Date), NULL, NULL, NULL, NULL, NULL, NULL, N'asdasd', N'0', N'Admin', CAST(0x0000ABA40122F792 AS DateTime), N'Admin', CAST(0x0000ABA40122F792 AS DateTime), N'B')
SET IDENTITY_INSERT [dbo].[TB_R_WP_DETAIL_2] OFF
SET IDENTITY_INSERT [dbo].[TB_R_WP_DETAIL_IMPLEMENTOR] ON 

INSERT [dbo].[TB_R_WP_DETAIL_IMPLEMENTOR] ([ID], [WP_PROJECT_JOB_ID], [EXECUTOR], [ID_TB_M_COMPANY], [EMPLOYEE_LEAD_PROJECT], [EMPLOYEE_SUPERVISOR_PROJECT], [CREATED_BY], [CREATED_DT], [CHANGED_BY], [CHANGED_DT]) VALUES (1, 15, 3, 18, 33, 7, N'Admin', CAST(0x0000AB5500000000 AS DateTime), N'Admin', CAST(0x0000AB5500000000 AS DateTime))
SET IDENTITY_INSERT [dbo].[TB_R_WP_DETAIL_IMPLEMENTOR] OFF
SET IDENTITY_INSERT [dbo].[TB_R_WP_DETAIL_SHIFT] ON 

INSERT [dbo].[TB_R_WP_DETAIL_SHIFT] ([ID], [WP_PROJECT_JOB_ID], [SHIFT_ID], [CREATED_BY], [CREATED_DT], [CHANGED_BY], [CHANGED_DT]) VALUES (1, 15, 3, N'Admin', CAST(0x0000AB5500000000 AS DateTime), N'Admin', CAST(0x0000AB5500000000 AS DateTime))
SET IDENTITY_INSERT [dbo].[TB_R_WP_DETAIL_SHIFT] OFF
SET IDENTITY_INSERT [dbo].[TB_R_WP_HEADER] ON 

INSERT [dbo].[TB_R_WP_HEADER] ([ID], [WP_IMPB_NO], [ID_TB_M_AREA], [CREATED_BY], [CREATED_DT], [CHANGED_BY], [CHANGED_DT], [WP_PROJECT_NAME]) VALUES (13, N'IPMB-SHE-123-123', 5, N'Admin', CAST(0x0000ABB9015F7B21 AS DateTime), N'Admin', CAST(0x0000ABB90170F0B5 AS DateTime), N'5')
INSERT [dbo].[TB_R_WP_HEADER] ([ID], [WP_IMPB_NO], [ID_TB_M_AREA], [CREATED_BY], [CREATED_DT], [CHANGED_BY], [CHANGED_DT], [WP_PROJECT_NAME]) VALUES (14, N'IPMB-SHE-123-213', 6, N'Admin', CAST(0x0000ABBA009AE5BC AS DateTime), N'Admin', CAST(0x0000ABBA009AE5BC AS DateTime), N'Prpoyek A')
INSERT [dbo].[TB_R_WP_HEADER] ([ID], [WP_IMPB_NO], [ID_TB_M_AREA], [CREATED_BY], [CREATED_DT], [CHANGED_BY], [CHANGED_DT], [WP_PROJECT_NAME]) VALUES (15, N'IPMB-SHE-444-444', 6, N'Admin', CAST(0x0000ABBA009E5627 AS DateTime), N'Admin', CAST(0x0000ABBA009F9DCE AS DateTime), N'Prpoyek A')
INSERT [dbo].[TB_R_WP_HEADER] ([ID], [WP_IMPB_NO], [ID_TB_M_AREA], [CREATED_BY], [CREATED_DT], [CHANGED_BY], [CHANGED_DT], [WP_PROJECT_NAME]) VALUES (16, N'IPMB-SHE-555-555', 6, N'Admin', CAST(0x0000ABBA00A0806B AS DateTime), N'Admin', CAST(0x0000ABBA00A0806B AS DateTime), N'Prpoyek A')
INSERT [dbo].[TB_R_WP_HEADER] ([ID], [WP_IMPB_NO], [ID_TB_M_AREA], [CREATED_BY], [CREATED_DT], [CHANGED_BY], [CHANGED_DT], [WP_PROJECT_NAME]) VALUES (17, N'IPMB-SHE-123-342', 5, N'Admin', CAST(0x0000ABBA00D1ACC0 AS DateTime), N'Admin', CAST(0x0000ABBA00D1ACC0 AS DateTime), N'2312')
SET IDENTITY_INSERT [dbo].[TB_R_WP_HEADER] OFF
SET IDENTITY_INSERT [dbo].[TB_R_WP_PROJECT] ON 

INSERT [dbo].[TB_R_WP_PROJECT] ([ID], [PROJECT_CODE], [PROJECT_NAME], [ID_TB_M_AREA], [ID_TB_M_LOCATION], [DEP_OR_DIV_CODE], [IMPLEMENT_DATE_FROM], [IMPLEMENT_DATE_TO], [WORKING_STATUS], [WORKING_NOTES], [PROJECT_STATUS], [CREATED_BY], [CREATED_DT], [CHANGED_BY], [CHANGED_DT]) VALUES (1, N'052005004', N'Test Dev', 5, 1, N'GAS', CAST(0x0000ABAE00000000 AS DateTime), CAST(0x0000ABCC00000000 AS DateTime), 1, N'qwqwqw', N'DRAFT', N'Admin', CAST(0x0000ABCA00C27693 AS DateTime), N'Admin', CAST(0x0000ABCA00C27693 AS DateTime))
INSERT [dbo].[TB_R_WP_PROJECT] ([ID], [PROJECT_CODE], [PROJECT_NAME], [ID_TB_M_AREA], [ID_TB_M_LOCATION], [DEP_OR_DIV_CODE], [IMPLEMENT_DATE_FROM], [IMPLEMENT_DATE_TO], [WORKING_STATUS], [WORKING_NOTES], [PROJECT_STATUS], [CREATED_BY], [CREATED_DT], [CHANGED_BY], [CHANGED_DT]) VALUES (2, N'082005005', N'Nyoba', 8, 11, N'GAS', CAST(0x0000ABAE00000000 AS DateTime), CAST(0x0000ABB900000000 AS DateTime), 1, N'123', N'DRAFT', N'Admin', CAST(0x0000ABCA00C2F570 AS DateTime), N'Admin', CAST(0x0000ABCA00C2F570 AS DateTime))
INSERT [dbo].[TB_R_WP_PROJECT] ([ID], [PROJECT_CODE], [PROJECT_NAME], [ID_TB_M_AREA], [ID_TB_M_LOCATION], [DEP_OR_DIV_CODE], [IMPLEMENT_DATE_FROM], [IMPLEMENT_DATE_TO], [WORKING_STATUS], [WORKING_NOTES], [PROJECT_STATUS], [CREATED_BY], [CREATED_DT], [CHANGED_BY], [CHANGED_DT]) VALUES (3, N'082005006', N'Nyoba', 8, 11, N'GAS', CAST(0x0000ABAE00000000 AS DateTime), CAST(0x0000ABB900000000 AS DateTime), 1, N'123', N'DRAFT', N'Admin', CAST(0x0000ABCA00C35CE4 AS DateTime), N'Admin', CAST(0x0000ABCA00C35CE4 AS DateTime))
INSERT [dbo].[TB_R_WP_PROJECT] ([ID], [PROJECT_CODE], [PROJECT_NAME], [ID_TB_M_AREA], [ID_TB_M_LOCATION], [DEP_OR_DIV_CODE], [IMPLEMENT_DATE_FROM], [IMPLEMENT_DATE_TO], [WORKING_STATUS], [WORKING_NOTES], [PROJECT_STATUS], [CREATED_BY], [CREATED_DT], [CHANGED_BY], [CHANGED_DT]) VALUES (4, N'062005007', N'coba lagi', 6, 10, N'GAS', CAST(0x0000ABC500000000 AS DateTime), CAST(0x0000ABCC00000000 AS DateTime), 1, N'Ok', N'DRAFT', N'Admin', CAST(0x0000ABCC00E62F62 AS DateTime), N'Admin', CAST(0x0000ABCC00E62F62 AS DateTime))
INSERT [dbo].[TB_R_WP_PROJECT] ([ID], [PROJECT_CODE], [PROJECT_NAME], [ID_TB_M_AREA], [ID_TB_M_LOCATION], [DEP_OR_DIV_CODE], [IMPLEMENT_DATE_FROM], [IMPLEMENT_DATE_TO], [WORKING_STATUS], [WORKING_NOTES], [PROJECT_STATUS], [CREATED_BY], [CREATED_DT], [CHANGED_BY], [CHANGED_DT]) VALUES (5, N'052005008', N'Ngulang Test', 5, 2, N'GAS', CAST(0x0000ABC200000000 AS DateTime), CAST(0x0000ABC600000000 AS DateTime), 1, N'123', N'DRAFT', N'Admin', CAST(0x0000ABCC00E6D4B3 AS DateTime), N'Admin', CAST(0x0000ABCC00E6D4B3 AS DateTime))
INSERT [dbo].[TB_R_WP_PROJECT] ([ID], [PROJECT_CODE], [PROJECT_NAME], [ID_TB_M_AREA], [ID_TB_M_LOCATION], [DEP_OR_DIV_CODE], [IMPLEMENT_DATE_FROM], [IMPLEMENT_DATE_TO], [WORKING_STATUS], [WORKING_NOTES], [PROJECT_STATUS], [CREATED_BY], [CREATED_DT], [CHANGED_BY], [CHANGED_DT]) VALUES (6, N'052005009', N'123', 5, 1, N'GAS', CAST(0x0000ABBC00000000 AS DateTime), CAST(0x0000ABC700000000 AS DateTime), 1, N'123', N'DRAFT', N'Admin', CAST(0x0000ABCC00E7FA19 AS DateTime), N'Admin', CAST(0x0000ABCC00E7FA19 AS DateTime))
INSERT [dbo].[TB_R_WP_PROJECT] ([ID], [PROJECT_CODE], [PROJECT_NAME], [ID_TB_M_AREA], [ID_TB_M_LOCATION], [DEP_OR_DIV_CODE], [IMPLEMENT_DATE_FROM], [IMPLEMENT_DATE_TO], [WORKING_STATUS], [WORKING_NOTES], [PROJECT_STATUS], [CREATED_BY], [CREATED_DT], [CHANGED_BY], [CHANGED_DT]) VALUES (7, N'062005010', N'asdlakdlasd', 6, 9, N'GAS', CAST(0x0000ABC400000000 AS DateTime), CAST(0x0000ABCC00000000 AS DateTime), 1, N'sadsadasd', N'DELETED', N'Admin', CAST(0x0000ABCC00E83A0A AS DateTime), N'Admin', CAST(0x0000ABCC00FDC12A AS DateTime))
INSERT [dbo].[TB_R_WP_PROJECT] ([ID], [PROJECT_CODE], [PROJECT_NAME], [ID_TB_M_AREA], [ID_TB_M_LOCATION], [DEP_OR_DIV_CODE], [IMPLEMENT_DATE_FROM], [IMPLEMENT_DATE_TO], [WORKING_STATUS], [WORKING_NOTES], [PROJECT_STATUS], [CREATED_BY], [CREATED_DT], [CHANGED_BY], [CHANGED_DT]) VALUES (8, N'052005011', N'Test dong', 5, 1, N'HRD', CAST(0x0000ABC500000000 AS DateTime), CAST(0x0000ABCC00000000 AS DateTime), 0, N'test', N'DRAFT', N'Admin', CAST(0x0000ABCC00EA9433 AS DateTime), N'Admin', CAST(0x0000ABCC00EA9433 AS DateTime))
INSERT [dbo].[TB_R_WP_PROJECT] ([ID], [PROJECT_CODE], [PROJECT_NAME], [ID_TB_M_AREA], [ID_TB_M_LOCATION], [DEP_OR_DIV_CODE], [IMPLEMENT_DATE_FROM], [IMPLEMENT_DATE_TO], [WORKING_STATUS], [WORKING_NOTES], [PROJECT_STATUS], [CREATED_BY], [CREATED_DT], [CHANGED_BY], [CHANGED_DT]) VALUES (9, N'052005012', N'sadasdas', 5, 2, N'GAS', CAST(0x0000ABBE00000000 AS DateTime), CAST(0x0000ABC500000000 AS DateTime), 1, N'1231232', N'DELETED', N'Admin', CAST(0x0000ABCC00EBF57E AS DateTime), N'Admin', CAST(0x0000ABCC00FE4A7A AS DateTime))
INSERT [dbo].[TB_R_WP_PROJECT] ([ID], [PROJECT_CODE], [PROJECT_NAME], [ID_TB_M_AREA], [ID_TB_M_LOCATION], [DEP_OR_DIV_CODE], [IMPLEMENT_DATE_FROM], [IMPLEMENT_DATE_TO], [WORKING_STATUS], [WORKING_NOTES], [PROJECT_STATUS], [CREATED_BY], [CREATED_DT], [CHANGED_BY], [CHANGED_DT]) VALUES (10, N'062006001', N'daslkjdlkajda', 6, 9, N'HRD', CAST(0x0000ABCD00000000 AS DateTime), CAST(0x0000ABD400000000 AS DateTime), 1, N'test', N'DRAFT', N'Admin', CAST(0x0000ABCD0077F35F AS DateTime), N'Admin', CAST(0x0000ABCD0077F35F AS DateTime))
INSERT [dbo].[TB_R_WP_PROJECT] ([ID], [PROJECT_CODE], [PROJECT_NAME], [ID_TB_M_AREA], [ID_TB_M_LOCATION], [DEP_OR_DIV_CODE], [IMPLEMENT_DATE_FROM], [IMPLEMENT_DATE_TO], [WORKING_STATUS], [WORKING_NOTES], [PROJECT_STATUS], [CREATED_BY], [CREATED_DT], [CHANGED_BY], [CHANGED_DT]) VALUES (11, N'052006001', N'qwaszx', 5, 1, N'HRD', CAST(0x0000ABCD00000000 AS DateTime), CAST(0x0000ABD400000000 AS DateTime), 1, N'we', N'DRAFT', N'Admin', CAST(0x0000ABCD0078CAFE AS DateTime), N'Admin', CAST(0x0000ABCD0078CAFE AS DateTime))
INSERT [dbo].[TB_R_WP_PROJECT] ([ID], [PROJECT_CODE], [PROJECT_NAME], [ID_TB_M_AREA], [ID_TB_M_LOCATION], [DEP_OR_DIV_CODE], [IMPLEMENT_DATE_FROM], [IMPLEMENT_DATE_TO], [WORKING_STATUS], [WORKING_NOTES], [PROJECT_STATUS], [CREATED_BY], [CREATED_DT], [CHANGED_BY], [CHANGED_DT]) VALUES (12, N'052006002', N'po', 5, 2, N'GAS', CAST(0x0000ABCD00000000 AS DateTime), CAST(0x0000ABD100000000 AS DateTime), 0, N'test ui', N'SUBMITED', N'Admin', CAST(0x0000ABCD007DA5F5 AS DateTime), N'Admin', CAST(0x0000ABCD0094D7AC AS DateTime))
INSERT [dbo].[TB_R_WP_PROJECT] ([ID], [PROJECT_CODE], [PROJECT_NAME], [ID_TB_M_AREA], [ID_TB_M_LOCATION], [DEP_OR_DIV_CODE], [IMPLEMENT_DATE_FROM], [IMPLEMENT_DATE_TO], [WORKING_STATUS], [WORKING_NOTES], [PROJECT_STATUS], [CREATED_BY], [CREATED_DT], [CHANGED_BY], [CHANGED_DT]) VALUES (13, N'052006003', N'xzczxc', 5, 1, N'GAS', CAST(0x0000ABCD00000000 AS DateTime), CAST(0x0000ABCD00000000 AS DateTime), 0, N'yes', N'DRAFT', N'Admin', CAST(0x0000ABCD00CE6F15 AS DateTime), N'Admin', CAST(0x0000ABCD00CE6F15 AS DateTime))
INSERT [dbo].[TB_R_WP_PROJECT] ([ID], [PROJECT_CODE], [PROJECT_NAME], [ID_TB_M_AREA], [ID_TB_M_LOCATION], [DEP_OR_DIV_CODE], [IMPLEMENT_DATE_FROM], [IMPLEMENT_DATE_TO], [WORKING_STATUS], [WORKING_NOTES], [PROJECT_STATUS], [CREATED_BY], [CREATED_DT], [CHANGED_BY], [CHANGED_DT]) VALUES (14, N'082006004', N'Project ABC', 8, 11, N'GA', CAST(0x0000ABDE00000000 AS DateTime), CAST(0x0000ABE300000000 AS DateTime), 0, N'', N'DRAFT', N'Admin', CAST(0x0000ABCE00C18601 AS DateTime), N'Admin', CAST(0x0000ABCE00C18601 AS DateTime))
INSERT [dbo].[TB_R_WP_PROJECT] ([ID], [PROJECT_CODE], [PROJECT_NAME], [ID_TB_M_AREA], [ID_TB_M_LOCATION], [DEP_OR_DIV_CODE], [IMPLEMENT_DATE_FROM], [IMPLEMENT_DATE_TO], [WORKING_STATUS], [WORKING_NOTES], [PROJECT_STATUS], [CREATED_BY], [CREATED_DT], [CHANGED_BY], [CHANGED_DT]) VALUES (15, N'055123450', N'Purification', 5, 1, N'HRD', CAST(0x0000ABD200000000 AS DateTime), CAST(0x0000ABD200000000 AS DateTime), 1, NULL, N'SUBMITED', N'Admin', CAST(0x0000ABD200000000 AS DateTime), N'Admin', CAST(0x0000ABD200000000 AS DateTime))
SET IDENTITY_INSERT [dbo].[TB_R_WP_PROJECT] OFF
SET IDENTITY_INSERT [dbo].[TB_R_WP_PROJECT_JOB] ON 

INSERT [dbo].[TB_R_WP_PROJECT_JOB] ([ID], [WP_PROJECT_ID], [JOB_NAME], [WP_IMPB_NO], [JOB_STATUS], [CREATED_BY], [CREATED_DT], [CHANGED_BY], [CHANGED_DT]) VALUES (1, 3, N'456', N'', NULL, N'Admin', CAST(0x0000ABCA00C3637F AS DateTime), N'Admin', CAST(0x0000ABCA00C367B4 AS DateTime))
INSERT [dbo].[TB_R_WP_PROJECT_JOB] ([ID], [WP_PROJECT_ID], [JOB_NAME], [WP_IMPB_NO], [JOB_STATUS], [CREATED_BY], [CREATED_DT], [CHANGED_BY], [CHANGED_DT]) VALUES (2, 4, N'Test dlu', N'', NULL, N'Admin', CAST(0x0000ABCC00E62F6B AS DateTime), N'Admin', CAST(0x0000ABCC00E62F6B AS DateTime))
INSERT [dbo].[TB_R_WP_PROJECT_JOB] ([ID], [WP_PROJECT_ID], [JOB_NAME], [WP_IMPB_NO], [JOB_STATUS], [CREATED_BY], [CREATED_DT], [CHANGED_BY], [CHANGED_DT]) VALUES (3, 5, N'12w', N'', NULL, N'Admin', CAST(0x0000ABCC00E6D4B6 AS DateTime), N'Admin', CAST(0x0000ABCC00E6D4B6 AS DateTime))
INSERT [dbo].[TB_R_WP_PROJECT_JOB] ([ID], [WP_PROJECT_ID], [JOB_NAME], [WP_IMPB_NO], [JOB_STATUS], [CREATED_BY], [CREATED_DT], [CHANGED_BY], [CHANGED_DT]) VALUES (4, 5, N'321a', N'', NULL, N'Admin', CAST(0x0000ABCC00E6D4B8 AS DateTime), N'Admin', CAST(0x0000ABCC00E6D4B8 AS DateTime))
INSERT [dbo].[TB_R_WP_PROJECT_JOB] ([ID], [WP_PROJECT_ID], [JOB_NAME], [WP_IMPB_NO], [JOB_STATUS], [CREATED_BY], [CREATED_DT], [CHANGED_BY], [CHANGED_DT]) VALUES (5, 10, N'123', N'', NULL, N'Admin', CAST(0x0000ABCD0077F36D AS DateTime), N'Admin', CAST(0x0000ABCD0077F36D AS DateTime))
INSERT [dbo].[TB_R_WP_PROJECT_JOB] ([ID], [WP_PROJECT_ID], [JOB_NAME], [WP_IMPB_NO], [JOB_STATUS], [CREATED_BY], [CREATED_DT], [CHANGED_BY], [CHANGED_DT]) VALUES (6, 10, N'test', N'', NULL, N'Admin', CAST(0x0000ABCD0077F370 AS DateTime), N'Admin', CAST(0x0000ABCD0077F370 AS DateTime))
INSERT [dbo].[TB_R_WP_PROJECT_JOB] ([ID], [WP_PROJECT_ID], [JOB_NAME], [WP_IMPB_NO], [JOB_STATUS], [CREATED_BY], [CREATED_DT], [CHANGED_BY], [CHANGED_DT]) VALUES (7, 11, N'wewe', N'', NULL, N'Admin', CAST(0x0000ABCD0078CB01 AS DateTime), N'Admin', CAST(0x0000ABCD0078CB01 AS DateTime))
INSERT [dbo].[TB_R_WP_PROJECT_JOB] ([ID], [WP_PROJECT_ID], [JOB_NAME], [WP_IMPB_NO], [JOB_STATUS], [CREATED_BY], [CREATED_DT], [CHANGED_BY], [CHANGED_DT]) VALUES (8, 11, N'1213', N'', NULL, N'Admin', CAST(0x0000ABCD0078CB04 AS DateTime), N'Admin', CAST(0x0000ABCD0078CB04 AS DateTime))
INSERT [dbo].[TB_R_WP_PROJECT_JOB] ([ID], [WP_PROJECT_ID], [JOB_NAME], [WP_IMPB_NO], [JOB_STATUS], [CREATED_BY], [CREATED_DT], [CHANGED_BY], [CHANGED_DT]) VALUES (9, 12, N'12345678', N'', NULL, N'Admin', CAST(0x0000ABCD007DA5FA AS DateTime), N'Admin', CAST(0x0000ABCD0094D7B2 AS DateTime))
INSERT [dbo].[TB_R_WP_PROJECT_JOB] ([ID], [WP_PROJECT_ID], [JOB_NAME], [WP_IMPB_NO], [JOB_STATUS], [CREATED_BY], [CREATED_DT], [CHANGED_BY], [CHANGED_DT]) VALUES (10, 13, N'qweqsda', N'', NULL, N'Admin', CAST(0x0000ABCD00CE6F28 AS DateTime), N'Admin', CAST(0x0000ABCD00CE6F28 AS DateTime))
INSERT [dbo].[TB_R_WP_PROJECT_JOB] ([ID], [WP_PROJECT_ID], [JOB_NAME], [WP_IMPB_NO], [JOB_STATUS], [CREATED_BY], [CREATED_DT], [CHANGED_BY], [CHANGED_DT]) VALUES (11, 14, N'JOB 1', N'', NULL, N'Admin', CAST(0x0000ABCE00C18603 AS DateTime), N'Admin', CAST(0x0000ABCE00C18603 AS DateTime))
INSERT [dbo].[TB_R_WP_PROJECT_JOB] ([ID], [WP_PROJECT_ID], [JOB_NAME], [WP_IMPB_NO], [JOB_STATUS], [CREATED_BY], [CREATED_DT], [CHANGED_BY], [CHANGED_DT]) VALUES (12, 14, N'JOB 2', N'', NULL, N'Admin', CAST(0x0000ABCE00C18605 AS DateTime), N'Admin', CAST(0x0000ABCE00C18605 AS DateTime))
INSERT [dbo].[TB_R_WP_PROJECT_JOB] ([ID], [WP_PROJECT_ID], [JOB_NAME], [WP_IMPB_NO], [JOB_STATUS], [CREATED_BY], [CREATED_DT], [CHANGED_BY], [CHANGED_DT]) VALUES (13, 14, N'JOB 3', N'', NULL, N'Admin', CAST(0x0000ABCE00C18606 AS DateTime), N'Admin', CAST(0x0000ABCE00C18606 AS DateTime))
INSERT [dbo].[TB_R_WP_PROJECT_JOB] ([ID], [WP_PROJECT_ID], [JOB_NAME], [WP_IMPB_NO], [JOB_STATUS], [CREATED_BY], [CREATED_DT], [CHANGED_BY], [CHANGED_DT]) VALUES (15, 15, N'Maintenance Server', N'IMPB-SHE05-200602001', NULL, N'Admin', CAST(0x0000ABD200000000 AS DateTime), N'Admin', CAST(0x0000ABD200000000 AS DateTime))
SET IDENTITY_INSERT [dbo].[TB_R_WP_PROJECT_JOB] OFF
SET IDENTITY_INSERT [dbo].[TB_R_WP_SECURITY_CHECK] ON 

INSERT [dbo].[TB_R_WP_SECURITY_CHECK] ([ID_TB_R_WP_SECURITY_CHECK], [WP_PROJECT_ID], [ID_TB_M_EMPLOYEE], [ID_SECURITY_EMPLOYEE_CHECK_IN], [ID_SECURITY_EMPLOYEE_CHECK_OUT], [DATE], [CHECK_IN], [CHECK_OUT]) VALUES (6, 15, 40, 40, 40, CAST(0x2A410B00 AS Date), CAST(0x0000ABD000D6CD7E AS DateTime), CAST(0x0000ABD000D6CD7E AS DateTime))
SET IDENTITY_INSERT [dbo].[TB_R_WP_SECURITY_CHECK] OFF
SET ANSI_PADDING ON

GO
/****** Object:  Index [PK_TB_R_WP_DAILY_WI_DEN]    Script Date: 6/4/2020 01:02:11 PM ******/
ALTER TABLE [dbo].[TB_R_WP_DAILY_WI_DEN] ADD  CONSTRAINT [PK_TB_R_WP_DAILY_WI_DEN] PRIMARY KEY NONCLUSTERED 
(
	[ID_TB_R_WP_DAILY_WI_DEN] ASC
)WITH (PAD_INDEX = OFF, STATISTICS_NORECOMPUTE = OFF, SORT_IN_TEMPDB = OFF, IGNORE_DUP_KEY = OFF, ONLINE = OFF, ALLOW_ROW_LOCKS = ON, ALLOW_PAGE_LOCKS = ON) ON [PRIMARY]
GO
ALTER TABLE [dbo].[TB_M_EMPLOYEE] ADD  CONSTRAINT [DF_TB_M_EMPLOYEE_IS_DELETED]  DEFAULT ((0)) FOR [IS_DELETED]
GO
ALTER TABLE [dbo].[TB_M_LEARN_MODULE_TRAINING] ADD  CONSTRAINT [DF_TB_M_LEARN_MODULE_TRAINING_IS_DELETED]  DEFAULT ((0)) FOR [IS_DELETED]
GO
ALTER TABLE [dbo].[TB_M_LEARN_QUESTION] ADD  CONSTRAINT [DF_TB_M_LEARN_QUESTION_IS_DELETED]  DEFAULT ((0)) FOR [IS_DELETED]
GO
ALTER TABLE [dbo].[TB_R_LEARN_EXAM_COMPANY] ADD  CONSTRAINT [DF_TB_R_LEARN_EXAM_COMPANY_IS_DELETED]  DEFAULT ((0)) FOR [IS_DELETED]
GO
ALTER TABLE [dbo].[TB_R_LEARN_EXAM_QUESTION] ADD  CONSTRAINT [DF_TB_R_LEARN_EXAM_QUESTION_IS_DELETED]  DEFAULT ((0)) FOR [IS_DELETED]
GO
ALTER TABLE [dbo].[TB_R_LEARN_EXAM_SUBJECT] ADD  CONSTRAINT [DF_TB_R_LEARN_EXAM_SUBJECT_IS_DELETED]  DEFAULT ((0)) FOR [IS_DELETED]
GO
ALTER TABLE [dbo].[TB_M_JOB]  WITH CHECK ADD  CONSTRAINT [FK_TB_M_JOB_RELATIONS_TB_M_PRO] FOREIGN KEY([ID_TB_M_PROJECT])
REFERENCES [dbo].[TB_M_PROJECT] ([ID_TB_M_PROJECT])
GO
ALTER TABLE [dbo].[TB_M_JOB] CHECK CONSTRAINT [FK_TB_M_JOB_RELATIONS_TB_M_PRO]
GO
ALTER TABLE [dbo].[TB_M_LOCATION]  WITH CHECK ADD  CONSTRAINT [FK_TB_M_LOC_RELATIONS_TB_M_ARE] FOREIGN KEY([ID_TB_M_AREA])
REFERENCES [dbo].[TB_M_AREA] ([ID_TB_M_AREA])
GO
ALTER TABLE [dbo].[TB_M_LOCATION] CHECK CONSTRAINT [FK_TB_M_LOC_RELATIONS_TB_M_ARE]
GO
ALTER TABLE [dbo].[TB_M_LOCATION_DETAIL]  WITH CHECK ADD  CONSTRAINT [FK_TB_M_LOC_RELATIONS_TB_M_LOC] FOREIGN KEY([ID_TB_M_LOCATION])
REFERENCES [dbo].[TB_M_LOCATION] ([ID_TB_M_LOCATION])
GO
ALTER TABLE [dbo].[TB_M_LOCATION_DETAIL] CHECK CONSTRAINT [FK_TB_M_LOC_RELATIONS_TB_M_LOC]
GO
ALTER TABLE [dbo].[TB_M_LRN_ANW]  WITH CHECK ADD  CONSTRAINT [FK_TB_M_LRN_RELATIONS_TB_M_LRN] FOREIGN KEY([ID_TB_M_LRN_QA])
REFERENCES [dbo].[TB_M_LRN_QA] ([ID_TB_M_LRN_QA])
GO
ALTER TABLE [dbo].[TB_M_LRN_ANW] CHECK CONSTRAINT [FK_TB_M_LRN_RELATIONS_TB_M_LRN]
GO
ALTER TABLE [dbo].[TB_M_PROJECT]  WITH CHECK ADD  CONSTRAINT [FK_TB_M_PRO_RELATIONS_TB_M_ARE] FOREIGN KEY([ID_TB_M_AREA])
REFERENCES [dbo].[TB_M_AREA] ([ID_TB_M_AREA])
GO
ALTER TABLE [dbo].[TB_M_PROJECT] CHECK CONSTRAINT [FK_TB_M_PRO_RELATIONS_TB_M_ARE]
GO
ALTER TABLE [dbo].[TB_R_WP_DAILY]  WITH CHECK ADD  CONSTRAINT [FK_TB_R_WP__RELATIONS_TB_R_WP_] FOREIGN KEY([ID_TB_R_WP_HEADER])
REFERENCES [dbo].[TB_R_WP_HEADER_2] ([ID_TB_R_WP_HEADR])
GO
ALTER TABLE [dbo].[TB_R_WP_DAILY] CHECK CONSTRAINT [FK_TB_R_WP__RELATIONS_TB_R_WP_]
GO
ALTER TABLE [dbo].[TB_R_WP_DETAIL_IDENTIFICATION]  WITH CHECK ADD  CONSTRAINT [FK_TB_R_WP_DETAIL_IDENTIFICATION_TB_R_WP_PROJECT_JOB] FOREIGN KEY([WP_PROJECT_JOB_ID])
REFERENCES [dbo].[TB_R_WP_PROJECT_JOB] ([ID])
GO
ALTER TABLE [dbo].[TB_R_WP_DETAIL_IDENTIFICATION] CHECK CONSTRAINT [FK_TB_R_WP_DETAIL_IDENTIFICATION_TB_R_WP_PROJECT_JOB]
GO
ALTER TABLE [dbo].[TB_R_WP_DETAIL_IMPACT]  WITH CHECK ADD  CONSTRAINT [FK_TB_R_WP_DETAIL_IMPACT_TB_R_WP_PROJECT_JOB] FOREIGN KEY([WP_PROJECT_JOB_ID])
REFERENCES [dbo].[TB_R_WP_PROJECT_JOB] ([ID])
GO
ALTER TABLE [dbo].[TB_R_WP_DETAIL_IMPACT] CHECK CONSTRAINT [FK_TB_R_WP_DETAIL_IMPACT_TB_R_WP_PROJECT_JOB]
GO
ALTER TABLE [dbo].[TB_R_WP_DETAIL_IMPLEMENTOR]  WITH CHECK ADD  CONSTRAINT [FK_TB_R_WP_DETAIL_IMPLEMENTOR_TB_R_WP_PROJECT_JOB] FOREIGN KEY([WP_PROJECT_JOB_ID])
REFERENCES [dbo].[TB_R_WP_PROJECT_JOB] ([ID])
GO
ALTER TABLE [dbo].[TB_R_WP_DETAIL_IMPLEMENTOR] CHECK CONSTRAINT [FK_TB_R_WP_DETAIL_IMPLEMENTOR_TB_R_WP_PROJECT_JOB]
GO
ALTER TABLE [dbo].[TB_R_WP_DETAIL_SUPERVISION]  WITH CHECK ADD  CONSTRAINT [FK_TB_R_WP_DETAIL_SUPERVISION_TB_R_WP_PROJECT_JOB] FOREIGN KEY([WP_PROJECT_JOB_ID])
REFERENCES [dbo].[TB_R_WP_PROJECT_JOB] ([ID])
GO
ALTER TABLE [dbo].[TB_R_WP_DETAIL_SUPERVISION] CHECK CONSTRAINT [FK_TB_R_WP_DETAIL_SUPERVISION_TB_R_WP_PROJECT_JOB]
GO
ALTER TABLE [dbo].[TB_R_WP_DETAIL_WORKING]  WITH CHECK ADD  CONSTRAINT [FK_TB_R_WP_DETAIL_WORKING_TB_R_WP_PROJECT_JOB] FOREIGN KEY([WP_PROJECT_JOB_ID])
REFERENCES [dbo].[TB_R_WP_PROJECT_JOB] ([ID])
GO
ALTER TABLE [dbo].[TB_R_WP_DETAIL_WORKING] CHECK CONSTRAINT [FK_TB_R_WP_DETAIL_WORKING_TB_R_WP_PROJECT_JOB]
GO
ALTER TABLE [dbo].[TB_R_WP_HEADER_2]  WITH CHECK ADD  CONSTRAINT [FK_TB_R_WP__RELATIONS_TB_M_JOB] FOREIGN KEY([ID_TB_M_JOB])
REFERENCES [dbo].[TB_M_JOB] ([ID_TB_M_JOB])
GO
ALTER TABLE [dbo].[TB_R_WP_HEADER_2] CHECK CONSTRAINT [FK_TB_R_WP__RELATIONS_TB_M_JOB]
GO
EXEC sys.sp_addextendedproperty @name=N'MS_Description', @value=N'PERUSAHAAN NAME (NAMA PERUSAHAAN)' , @level0type=N'SCHEMA',@level0name=N'dbo', @level1type=N'TABLE',@level1name=N'TB_M_COMPANY', @level2type=N'COLUMN',@level2name=N'COMPANY_NAME'
GO
EXEC sys.sp_addextendedproperty @name=N'MS_Description', @value=N'PERUSAHAAN NAME (NAMA PERUSAHAAN)' , @level0type=N'SCHEMA',@level0name=N'dbo', @level1type=N'TABLE',@level1name=N'TB_M_COMPANY', @level2type=N'COLUMN',@level2name=N'COMPANY_INITIAL'
GO
EXEC sys.sp_addextendedproperty @name=N'MS_Description', @value=N'STATUS ACTIVE DAN NONACTIVE COMPANY' , @level0type=N'SCHEMA',@level0name=N'dbo', @level1type=N'TABLE',@level1name=N'TB_M_COMPANY', @level2type=N'COLUMN',@level2name=N'STATUS'
GO
EXEC sys.sp_addextendedproperty @name=N'MS_Description', @value=N'PERUSAHAAN TMMIN DAN KONTRAKTOR' , @level0type=N'SCHEMA',@level0name=N'dbo', @level1type=N'TABLE',@level1name=N'TB_M_COMPANY', @level2type=N'COLUMN',@level2name=N'FLAG'
GO
EXEC sys.sp_addextendedproperty @name=N'MS_Description', @value=N'MEMBER , LEADER CONTRACTOR TMIIN' , @level0type=N'SCHEMA',@level0name=N'dbo', @level1type=N'TABLE',@level1name=N'TB_M_EMPLOYEE', @level2type=N'COLUMN',@level2name=N'PIC_STATUS'
GO
EXEC sys.sp_addextendedproperty @name=N'MS_Description', @value=N'FIELD PIC, REFER KE TABLE TB_M_EMPLOYEE' , @level0type=N'SCHEMA',@level0name=N'dbo', @level1type=N'TABLE',@level1name=N'TB_R_WP_DETAIL_IDENTIFICATION', @level2type=N'COLUMN',@level2name=N'ID_TB_M_EMPLOYEE'
GO
EXEC sys.sp_addextendedproperty @name=N'MS_Description', @value=N'FIELD KETERANGAN, REFER KE TABLE TB_M_HENKANTEN_SAFETY' , @level0type=N'SCHEMA',@level0name=N'dbo', @level1type=N'TABLE',@level1name=N'TB_R_WP_DETAIL_IDENTIFICATION', @level2type=N'COLUMN',@level2name=N'HENKANTEN_SAFETY'
GO
EXEC sys.sp_addextendedproperty @name=N'MS_Description', @value=N'FIELD PIC, REFER KE TABLE TB_M_EMPLOYEE' , @level0type=N'SCHEMA',@level0name=N'dbo', @level1type=N'TABLE',@level1name=N'TB_R_WP_DETAIL_IMPACT', @level2type=N'COLUMN',@level2name=N'ID_TB_M_EMPLOYEE'
GO
EXEC sys.sp_addextendedproperty @name=N'MS_Description', @value=N'FIELD KETERANGAN, REFER KE TABLE TB_M_HENKANTEN_ENV' , @level0type=N'SCHEMA',@level0name=N'dbo', @level1type=N'TABLE',@level1name=N'TB_R_WP_DETAIL_IMPACT', @level2type=N'COLUMN',@level2name=N'HENKANTEN_ENV'
GO
EXEC sys.sp_addextendedproperty @name=N'MS_Description', @value=N'1 = TMIIN 2= KONTRAKTOR' , @level0type=N'SCHEMA',@level0name=N'dbo', @level1type=N'TABLE',@level1name=N'TB_R_WP_DETAIL_IMPLEMENTOR', @level2type=N'COLUMN',@level2name=N'EXECUTOR'
GO
EXEC sys.sp_addextendedproperty @name=N'MS_Description', @value=N'USER DIVISI' , @level0type=N'SCHEMA',@level0name=N'dbo', @level1type=N'TABLE',@level1name=N'TB_R_WP_DETAIL_SUPERVISION', @level2type=N'COLUMN',@level2name=N'ID_TB_M_EMPLOYEE'
GO
EXEC sys.sp_addextendedproperty @name=N'MS_Description', @value=N'1 = tinggi , 2 = sedang, 3= rendah' , @level0type=N'SCHEMA',@level0name=N'dbo', @level1type=N'TABLE',@level1name=N'TB_R_WP_DETAIL_WORKING', @level2type=N'COLUMN',@level2name=N'DANGER_TYPE'
GO
